ISO-10303-21;
HEADER;
/* Generated by software containing ST-Developer
 * from STEP Tools, Inc. (www.steptools.com) 
 */

FILE_DESCRIPTION(
/* description */ (''),
/* implementation_level */ '2;1');

FILE_NAME(
/* name */ 'BaseStructure.step',
/* time_stamp */ '2026-05-17T22:20:55+02:00',
/* author */ (''),
/* organization */ (''),
/* preprocessor_version */ 'ST-DEVELOPER v20.1',
/* originating_system */ 'Autodesk Translation Framework v15.8.0.0',
/* authorisation */ '');

FILE_SCHEMA (('AUTOMOTIVE_DESIGN { 1 0 10303 214 3 1 1 }'));
ENDSEC;

DATA;
#10=MECHANICAL_DESIGN_GEOMETRIC_PRESENTATION_REPRESENTATION('',(#13),#3029);
#11=SHAPE_REPRESENTATION_RELATIONSHIP('SRR','None',#3036,#12);
#12=ADVANCED_BREP_SHAPE_REPRESENTATION('',(#14),#3028);
#13=STYLED_ITEM('',(#3045),#14);
#14=MANIFOLD_SOLID_BREP('Body1',#1865);
#15=FACE_BOUND('',#206,.T.);
#16=FACE_BOUND('',#218,.T.);
#17=FACE_BOUND('',#232,.T.);
#18=FACE_BOUND('',#249,.T.);
#19=FACE_BOUND('',#250,.T.);
#20=FACE_BOUND('',#251,.T.);
#21=FACE_BOUND('',#252,.T.);
#22=FACE_BOUND('',#253,.T.);
#23=FACE_BOUND('',#255,.T.);
#24=FACE_BOUND('',#256,.T.);
#25=FACE_BOUND('',#257,.T.);
#26=FACE_BOUND('',#258,.T.);
#27=FACE_BOUND('',#259,.T.);
#28=FACE_BOUND('',#261,.T.);
#29=FACE_BOUND('',#274,.T.);
#30=FACE_BOUND('',#278,.T.);
#31=FACE_BOUND('',#279,.T.);
#32=FACE_BOUND('',#280,.T.);
#33=FACE_BOUND('',#281,.T.);
#34=FACE_BOUND('',#282,.T.);
#35=FACE_BOUND('',#287,.T.);
#36=FACE_BOUND('',#289,.T.);
#37=FACE_BOUND('',#298,.T.);
#38=FACE_BOUND('',#311,.T.);
#39=FACE_BOUND('',#312,.T.);
#40=FACE_BOUND('',#313,.T.);
#41=FACE_BOUND('',#314,.T.);
#42=FACE_BOUND('',#315,.T.);
#43=FACE_BOUND('',#317,.T.);
#44=FACE_BOUND('',#318,.T.);
#45=FACE_BOUND('',#319,.T.);
#46=FACE_BOUND('',#320,.T.);
#47=FACE_BOUND('',#323,.T.);
#48=FACE_BOUND('',#324,.T.);
#49=FACE_BOUND('',#325,.T.);
#50=PLANE('',#1882);
#51=PLANE('',#1883);
#52=PLANE('',#1884);
#53=PLANE('',#1885);
#54=PLANE('',#1886);
#55=PLANE('',#1887);
#56=PLANE('',#1888);
#57=PLANE('',#1889);
#58=PLANE('',#1890);
#59=PLANE('',#1891);
#60=PLANE('',#1892);
#61=PLANE('',#1893);
#62=PLANE('',#1894);
#63=PLANE('',#1896);
#64=PLANE('',#1899);
#65=PLANE('',#1900);
#66=PLANE('',#1901);
#67=PLANE('',#1902);
#68=PLANE('',#1903);
#69=PLANE('',#1904);
#70=PLANE('',#1908);
#71=PLANE('',#1909);
#72=PLANE('',#1910);
#73=PLANE('',#1911);
#74=PLANE('',#1912);
#75=PLANE('',#1913);
#76=PLANE('',#1914);
#77=PLANE('',#1915);
#78=PLANE('',#1919);
#79=PLANE('',#1920);
#80=PLANE('',#1921);
#81=PLANE('',#1922);
#82=PLANE('',#1935);
#83=PLANE('',#1936);
#84=PLANE('',#1937);
#85=PLANE('',#1938);
#86=PLANE('',#1939);
#87=PLANE('',#1940);
#88=PLANE('',#1950);
#89=PLANE('',#1963);
#90=PLANE('',#1964);
#91=PLANE('',#1965);
#92=PLANE('',#1966);
#93=PLANE('',#1967);
#94=PLANE('',#1982);
#95=PLANE('',#1983);
#96=PLANE('',#1984);
#97=PLANE('',#1985);
#98=PLANE('',#1986);
#99=PLANE('',#1987);
#100=PLANE('',#1988);
#101=PLANE('',#1989);
#102=PLANE('',#1992);
#103=PLANE('',#1993);
#104=PLANE('',#1994);
#105=PLANE('',#1995);
#106=PLANE('',#1996);
#107=PLANE('',#1997);
#108=PLANE('',#1998);
#109=PLANE('',#2007);
#110=PLANE('',#2008);
#111=PLANE('',#2009);
#112=PLANE('',#2011);
#113=PLANE('',#2012);
#114=PLANE('',#2014);
#115=FACE_OUTER_BOUND('',#204,.T.);
#116=FACE_OUTER_BOUND('',#205,.T.);
#117=FACE_OUTER_BOUND('',#207,.T.);
#118=FACE_OUTER_BOUND('',#208,.T.);
#119=FACE_OUTER_BOUND('',#209,.T.);
#120=FACE_OUTER_BOUND('',#210,.T.);
#121=FACE_OUTER_BOUND('',#211,.T.);
#122=FACE_OUTER_BOUND('',#212,.T.);
#123=FACE_OUTER_BOUND('',#213,.T.);
#124=FACE_OUTER_BOUND('',#214,.T.);
#125=FACE_OUTER_BOUND('',#215,.T.);
#126=FACE_OUTER_BOUND('',#216,.T.);
#127=FACE_OUTER_BOUND('',#217,.T.);
#128=FACE_OUTER_BOUND('',#219,.T.);
#129=FACE_OUTER_BOUND('',#220,.T.);
#130=FACE_OUTER_BOUND('',#221,.T.);
#131=FACE_OUTER_BOUND('',#222,.T.);
#132=FACE_OUTER_BOUND('',#223,.T.);
#133=FACE_OUTER_BOUND('',#224,.T.);
#134=FACE_OUTER_BOUND('',#225,.T.);
#135=FACE_OUTER_BOUND('',#226,.T.);
#136=FACE_OUTER_BOUND('',#227,.T.);
#137=FACE_OUTER_BOUND('',#228,.T.);
#138=FACE_OUTER_BOUND('',#229,.T.);
#139=FACE_OUTER_BOUND('',#230,.T.);
#140=FACE_OUTER_BOUND('',#231,.T.);
#141=FACE_OUTER_BOUND('',#233,.T.);
#142=FACE_OUTER_BOUND('',#234,.T.);
#143=FACE_OUTER_BOUND('',#235,.T.);
#144=FACE_OUTER_BOUND('',#236,.T.);
#145=FACE_OUTER_BOUND('',#237,.T.);
#146=FACE_OUTER_BOUND('',#238,.T.);
#147=FACE_OUTER_BOUND('',#239,.T.);
#148=FACE_OUTER_BOUND('',#240,.T.);
#149=FACE_OUTER_BOUND('',#241,.T.);
#150=FACE_OUTER_BOUND('',#242,.T.);
#151=FACE_OUTER_BOUND('',#243,.T.);
#152=FACE_OUTER_BOUND('',#244,.T.);
#153=FACE_OUTER_BOUND('',#245,.T.);
#154=FACE_OUTER_BOUND('',#246,.T.);
#155=FACE_OUTER_BOUND('',#247,.T.);
#156=FACE_OUTER_BOUND('',#248,.T.);
#157=FACE_OUTER_BOUND('',#254,.T.);
#158=FACE_OUTER_BOUND('',#260,.T.);
#159=FACE_OUTER_BOUND('',#262,.T.);
#160=FACE_OUTER_BOUND('',#263,.T.);
#161=FACE_OUTER_BOUND('',#264,.T.);
#162=FACE_OUTER_BOUND('',#265,.T.);
#163=FACE_OUTER_BOUND('',#266,.T.);
#164=FACE_OUTER_BOUND('',#267,.T.);
#165=FACE_OUTER_BOUND('',#268,.T.);
#166=FACE_OUTER_BOUND('',#269,.T.);
#167=FACE_OUTER_BOUND('',#270,.T.);
#168=FACE_OUTER_BOUND('',#271,.T.);
#169=FACE_OUTER_BOUND('',#272,.T.);
#170=FACE_OUTER_BOUND('',#273,.T.);
#171=FACE_OUTER_BOUND('',#275,.T.);
#172=FACE_OUTER_BOUND('',#276,.T.);
#173=FACE_OUTER_BOUND('',#277,.T.);
#174=FACE_OUTER_BOUND('',#283,.T.);
#175=FACE_OUTER_BOUND('',#284,.T.);
#176=FACE_OUTER_BOUND('',#285,.T.);
#177=FACE_OUTER_BOUND('',#286,.T.);
#178=FACE_OUTER_BOUND('',#288,.T.);
#179=FACE_OUTER_BOUND('',#290,.T.);
#180=FACE_OUTER_BOUND('',#291,.T.);
#181=FACE_OUTER_BOUND('',#292,.T.);
#182=FACE_OUTER_BOUND('',#293,.T.);
#183=FACE_OUTER_BOUND('',#294,.T.);
#184=FACE_OUTER_BOUND('',#295,.T.);
#185=FACE_OUTER_BOUND('',#296,.T.);
#186=FACE_OUTER_BOUND('',#297,.T.);
#187=FACE_OUTER_BOUND('',#299,.T.);
#188=FACE_OUTER_BOUND('',#300,.T.);
#189=FACE_OUTER_BOUND('',#301,.T.);
#190=FACE_OUTER_BOUND('',#302,.T.);
#191=FACE_OUTER_BOUND('',#303,.T.);
#192=FACE_OUTER_BOUND('',#304,.T.);
#193=FACE_OUTER_BOUND('',#305,.T.);
#194=FACE_OUTER_BOUND('',#306,.T.);
#195=FACE_OUTER_BOUND('',#307,.T.);
#196=FACE_OUTER_BOUND('',#308,.T.);
#197=FACE_OUTER_BOUND('',#309,.T.);
#198=FACE_OUTER_BOUND('',#310,.T.);
#199=FACE_OUTER_BOUND('',#316,.T.);
#200=FACE_OUTER_BOUND('',#321,.T.);
#201=FACE_OUTER_BOUND('',#322,.T.);
#202=FACE_OUTER_BOUND('',#326,.T.);
#203=FACE_OUTER_BOUND('',#327,.T.);
#204=EDGE_LOOP('',(#1232,#1233,#1234,#1235));
#205=EDGE_LOOP('',(#1236,#1237,#1238,#1239,#1240,#1241,#1242,#1243,#1244,
#1245,#1246,#1247,#1248,#1249));
#206=EDGE_LOOP('',(#1250,#1251,#1252,#1253));
#207=EDGE_LOOP('',(#1254,#1255,#1256,#1257));
#208=EDGE_LOOP('',(#1258,#1259,#1260,#1261));
#209=EDGE_LOOP('',(#1262,#1263,#1264,#1265));
#210=EDGE_LOOP('',(#1266,#1267,#1268,#1269,#1270));
#211=EDGE_LOOP('',(#1271,#1272,#1273,#1274,#1275));
#212=EDGE_LOOP('',(#1276,#1277,#1278,#1279));
#213=EDGE_LOOP('',(#1280,#1281,#1282,#1283));
#214=EDGE_LOOP('',(#1284,#1285,#1286,#1287));
#215=EDGE_LOOP('',(#1288,#1289,#1290,#1291));
#216=EDGE_LOOP('',(#1292,#1293,#1294,#1295));
#217=EDGE_LOOP('',(#1296,#1297,#1298,#1299));
#218=EDGE_LOOP('',(#1300,#1301,#1302,#1303));
#219=EDGE_LOOP('',(#1304,#1305,#1306,#1307,#1308,#1309));
#220=EDGE_LOOP('',(#1310,#1311,#1312,#1313));
#221=EDGE_LOOP('',(#1314,#1315,#1316,#1317));
#222=EDGE_LOOP('',(#1318,#1319,#1320,#1321));
#223=EDGE_LOOP('',(#1322,#1323,#1324,#1325,#1326,#1327));
#224=EDGE_LOOP('',(#1328,#1329,#1330,#1331));
#225=EDGE_LOOP('',(#1332,#1333,#1334,#1335));
#226=EDGE_LOOP('',(#1336,#1337,#1338,#1339,#1340,#1341,#1342,#1343,#1344,
#1345));
#227=EDGE_LOOP('',(#1346,#1347,#1348,#1349));
#228=EDGE_LOOP('',(#1350,#1351,#1352,#1353));
#229=EDGE_LOOP('',(#1354,#1355,#1356,#1357,#1358,#1359,#1360,#1361,#1362,
#1363));
#230=EDGE_LOOP('',(#1364,#1365,#1366,#1367,#1368,#1369));
#231=EDGE_LOOP('',(#1370,#1371,#1372,#1373,#1374));
#232=EDGE_LOOP('',(#1375,#1376,#1377,#1378,#1379));
#233=EDGE_LOOP('',(#1380,#1381,#1382,#1383,#1384,#1385,#1386,#1387,#1388,
#1389,#1390,#1391));
#234=EDGE_LOOP('',(#1392,#1393,#1394,#1395));
#235=EDGE_LOOP('',(#1396,#1397,#1398,#1399));
#236=EDGE_LOOP('',(#1400,#1401,#1402,#1403,#1404,#1405,#1406,#1407,#1408,
#1409,#1410,#1411));
#237=EDGE_LOOP('',(#1412,#1413,#1414,#1415,#1416,#1417));
#238=EDGE_LOOP('',(#1418,#1419,#1420,#1421));
#239=EDGE_LOOP('',(#1422,#1423,#1424,#1425));
#240=EDGE_LOOP('',(#1426,#1427,#1428,#1429));
#241=EDGE_LOOP('',(#1430,#1431,#1432,#1433));
#242=EDGE_LOOP('',(#1434,#1435,#1436,#1437));
#243=EDGE_LOOP('',(#1438,#1439,#1440,#1441));
#244=EDGE_LOOP('',(#1442,#1443,#1444,#1445));
#245=EDGE_LOOP('',(#1446,#1447,#1448,#1449));
#246=EDGE_LOOP('',(#1450,#1451,#1452,#1453));
#247=EDGE_LOOP('',(#1454,#1455,#1456,#1457,#1458));
#248=EDGE_LOOP('',(#1459,#1460,#1461,#1462));
#249=EDGE_LOOP('',(#1463));
#250=EDGE_LOOP('',(#1464));
#251=EDGE_LOOP('',(#1465));
#252=EDGE_LOOP('',(#1466));
#253=EDGE_LOOP('',(#1467));
#254=EDGE_LOOP('',(#1468,#1469,#1470,#1471,#1472,#1473,#1474,#1475,#1476,
#1477,#1478));
#255=EDGE_LOOP('',(#1479));
#256=EDGE_LOOP('',(#1480));
#257=EDGE_LOOP('',(#1481));
#258=EDGE_LOOP('',(#1482));
#259=EDGE_LOOP('',(#1483));
#260=EDGE_LOOP('',(#1484,#1485,#1486,#1487,#1488,#1489));
#261=EDGE_LOOP('',(#1490));
#262=EDGE_LOOP('',(#1491,#1492,#1493,#1494));
#263=EDGE_LOOP('',(#1495,#1496,#1497,#1498,#1499,#1500));
#264=EDGE_LOOP('',(#1501,#1502,#1503,#1504));
#265=EDGE_LOOP('',(#1505,#1506,#1507,#1508));
#266=EDGE_LOOP('',(#1509,#1510,#1511,#1512));
#267=EDGE_LOOP('',(#1513,#1514,#1515,#1516));
#268=EDGE_LOOP('',(#1517,#1518,#1519,#1520));
#269=EDGE_LOOP('',(#1521,#1522,#1523,#1524));
#270=EDGE_LOOP('',(#1525,#1526,#1527,#1528));
#271=EDGE_LOOP('',(#1529,#1530,#1531,#1532));
#272=EDGE_LOOP('',(#1533,#1534,#1535,#1536,#1537,#1538));
#273=EDGE_LOOP('',(#1539));
#274=EDGE_LOOP('',(#1540));
#275=EDGE_LOOP('',(#1541,#1542,#1543,#1544));
#276=EDGE_LOOP('',(#1545,#1546,#1547,#1548,#1549,#1550,#1551,#1552,#1553,
#1554));
#277=EDGE_LOOP('',(#1555,#1556,#1557,#1558,#1559,#1560,#1561,#1562,#1563,
#1564,#1565,#1566,#1567,#1568));
#278=EDGE_LOOP('',(#1569));
#279=EDGE_LOOP('',(#1570));
#280=EDGE_LOOP('',(#1571));
#281=EDGE_LOOP('',(#1572));
#282=EDGE_LOOP('',(#1573));
#283=EDGE_LOOP('',(#1574,#1575,#1576,#1577));
#284=EDGE_LOOP('',(#1578,#1579,#1580,#1581));
#285=EDGE_LOOP('',(#1582,#1583,#1584,#1585));
#286=EDGE_LOOP('',(#1586,#1587,#1588,#1589,#1590,#1591,#1592,#1593));
#287=EDGE_LOOP('',(#1594));
#288=EDGE_LOOP('',(#1595,#1596,#1597,#1598,#1599,#1600,#1601,#1602));
#289=EDGE_LOOP('',(#1603));
#290=EDGE_LOOP('',(#1604,#1605,#1606,#1607));
#291=EDGE_LOOP('',(#1608,#1609,#1610,#1611,#1612,#1613));
#292=EDGE_LOOP('',(#1614,#1615,#1616,#1617,#1618,#1619));
#293=EDGE_LOOP('',(#1620,#1621,#1622,#1623,#1624,#1625));
#294=EDGE_LOOP('',(#1626,#1627,#1628,#1629,#1630,#1631));
#295=EDGE_LOOP('',(#1632,#1633,#1634,#1635));
#296=EDGE_LOOP('',(#1636,#1637,#1638,#1639));
#297=EDGE_LOOP('',(#1640,#1641,#1642,#1643,#1644,#1645));
#298=EDGE_LOOP('',(#1646,#1647,#1648,#1649));
#299=EDGE_LOOP('',(#1650,#1651,#1652,#1653));
#300=EDGE_LOOP('',(#1654,#1655,#1656,#1657));
#301=EDGE_LOOP('',(#1658,#1659,#1660,#1661,#1662,#1663,#1664,#1665));
#302=EDGE_LOOP('',(#1666,#1667,#1668,#1669,#1670,#1671,#1672,#1673));
#303=EDGE_LOOP('',(#1674,#1675,#1676,#1677));
#304=EDGE_LOOP('',(#1678,#1679,#1680,#1681));
#305=EDGE_LOOP('',(#1682,#1683,#1684,#1685));
#306=EDGE_LOOP('',(#1686,#1687,#1688,#1689));
#307=EDGE_LOOP('',(#1690,#1691,#1692,#1693));
#308=EDGE_LOOP('',(#1694,#1695,#1696,#1697));
#309=EDGE_LOOP('',(#1698,#1699,#1700,#1701,#1702,#1703));
#310=EDGE_LOOP('',(#1704,#1705,#1706,#1707));
#311=EDGE_LOOP('',(#1708));
#312=EDGE_LOOP('',(#1709));
#313=EDGE_LOOP('',(#1710));
#314=EDGE_LOOP('',(#1711));
#315=EDGE_LOOP('',(#1712));
#316=EDGE_LOOP('',(#1713,#1714,#1715,#1716,#1717,#1718,#1719,#1720));
#317=EDGE_LOOP('',(#1721));
#318=EDGE_LOOP('',(#1722));
#319=EDGE_LOOP('',(#1723));
#320=EDGE_LOOP('',(#1724));
#321=EDGE_LOOP('',(#1725,#1726,#1727,#1728,#1729,#1730));
#322=EDGE_LOOP('',(#1731,#1732,#1733,#1734,#1735,#1736,#1737,#1738,#1739,
#1740));
#323=EDGE_LOOP('',(#1741));
#324=EDGE_LOOP('',(#1742));
#325=EDGE_LOOP('',(#1743));
#326=EDGE_LOOP('',(#1744,#1745,#1746,#1747));
#327=EDGE_LOOP('',(#1748,#1749,#1750,#1751));
#328=LINE('',#2509,#540);
#329=LINE('',#2514,#541);
#330=LINE('',#2516,#542);
#331=LINE('',#2518,#543);
#332=LINE('',#2520,#544);
#333=LINE('',#2522,#545);
#334=LINE('',#2524,#546);
#335=LINE('',#2526,#547);
#336=LINE('',#2528,#548);
#337=LINE('',#2530,#549);
#338=LINE('',#2532,#550);
#339=LINE('',#2534,#551);
#340=LINE('',#2536,#552);
#341=LINE('',#2538,#553);
#342=LINE('',#2539,#554);
#343=LINE('',#2542,#555);
#344=LINE('',#2544,#556);
#345=LINE('',#2546,#557);
#346=LINE('',#2547,#558);
#347=LINE('',#2551,#559);
#348=LINE('',#2553,#560);
#349=LINE('',#2555,#561);
#350=LINE('',#2556,#562);
#351=LINE('',#2560,#563);
#352=LINE('',#2562,#564);
#353=LINE('',#2564,#565);
#354=LINE('',#2565,#566);
#355=LINE('',#2568,#567);
#356=LINE('',#2570,#568);
#357=LINE('',#2571,#569);
#358=LINE('',#2574,#570);
#359=LINE('',#2575,#571);
#360=LINE('',#2576,#572);
#361=LINE('',#2579,#573);
#362=LINE('',#2581,#574);
#363=LINE('',#2582,#575);
#364=LINE('',#2584,#576);
#365=LINE('',#2585,#577);
#366=LINE('',#2589,#578);
#367=LINE('',#2591,#579);
#368=LINE('',#2593,#580);
#369=LINE('',#2594,#581);
#370=LINE('',#2597,#582);
#371=LINE('',#2599,#583);
#372=LINE('',#2600,#584);
#373=LINE('',#2603,#585);
#374=LINE('',#2605,#586);
#375=LINE('',#2606,#587);
#376=LINE('',#2608,#588);
#377=LINE('',#2609,#589);
#378=LINE('',#2613,#590);
#379=LINE('',#2615,#591);
#380=LINE('',#2617,#592);
#381=LINE('',#2618,#593);
#382=LINE('',#2621,#594);
#383=LINE('',#2623,#595);
#384=LINE('',#2625,#596);
#385=LINE('',#2628,#597);
#386=LINE('',#2631,#598);
#387=LINE('',#2632,#599);
#388=LINE('',#2637,#600);
#389=LINE('',#2638,#601);
#390=LINE('',#2640,#602);
#391=LINE('',#2643,#603);
#392=LINE('',#2644,#604);
#393=LINE('',#2647,#605);
#394=LINE('',#2651,#606);
#395=LINE('',#2652,#607);
#396=LINE('',#2654,#608);
#397=LINE('',#2656,#609);
#398=LINE('',#2658,#610);
#399=LINE('',#2660,#611);
#400=LINE('',#2662,#612);
#401=LINE('',#2664,#613);
#402=LINE('',#2665,#614);
#403=LINE('',#2669,#615);
#404=LINE('',#2670,#616);
#405=LINE('',#2671,#617);
#406=LINE('',#2677,#618);
#407=LINE('',#2680,#619);
#408=LINE('',#2683,#620);
#409=LINE('',#2685,#621);
#410=LINE('',#2687,#622);
#411=LINE('',#2689,#623);
#412=LINE('',#2691,#624);
#413=LINE('',#2692,#625);
#414=LINE('',#2694,#626);
#415=LINE('',#2695,#627);
#416=LINE('',#2698,#628);
#417=LINE('',#2699,#629);
#418=LINE('',#2700,#630);
#419=LINE('',#2702,#631);
#420=LINE('',#2704,#632);
#421=LINE('',#2705,#633);
#422=LINE('',#2707,#634);
#423=LINE('',#2709,#635);
#424=LINE('',#2710,#636);
#425=LINE('',#2712,#637);
#426=LINE('',#2713,#638);
#427=LINE('',#2715,#639);
#428=LINE('',#2717,#640);
#429=LINE('',#2720,#641);
#430=LINE('',#2721,#642);
#431=LINE('',#2724,#643);
#432=LINE('',#2725,#644);
#433=LINE('',#2730,#645);
#434=LINE('',#2734,#646);
#435=LINE('',#2736,#647);
#436=LINE('',#2737,#648);
#437=LINE('',#2740,#649);
#438=LINE('',#2741,#650);
#439=LINE('',#2744,#651);
#440=LINE('',#2745,#652);
#441=LINE('',#2747,#653);
#442=LINE('',#2752,#654);
#443=LINE('',#2758,#655);
#444=LINE('',#2764,#656);
#445=LINE('',#2770,#657);
#446=LINE('',#2773,#658);
#447=LINE('',#2777,#659);
#448=LINE('',#2779,#660);
#449=LINE('',#2781,#661);
#450=LINE('',#2783,#662);
#451=LINE('',#2784,#663);
#452=LINE('',#2786,#664);
#453=LINE('',#2787,#665);
#454=LINE('',#2789,#666);
#455=LINE('',#2792,#667);
#456=LINE('',#2795,#668);
#457=LINE('',#2801,#669);
#458=LINE('',#2804,#670);
#459=LINE('',#2807,#671);
#460=LINE('',#2810,#672);
#461=LINE('',#2816,#673);
#462=LINE('',#2819,#674);
#463=LINE('',#2821,#675);
#464=LINE('',#2822,#676);
#465=LINE('',#2827,#677);
#466=LINE('',#2833,#678);
#467=LINE('',#2839,#679);
#468=LINE('',#2845,#680);
#469=LINE('',#2848,#681);
#470=LINE('',#2849,#682);
#471=LINE('',#2854,#683);
#472=LINE('',#2856,#684);
#473=LINE('',#2858,#685);
#474=LINE('',#2860,#686);
#475=LINE('',#2862,#687);
#476=LINE('',#2864,#688);
#477=LINE('',#2866,#689);
#478=LINE('',#2867,#690);
#479=LINE('',#2870,#691);
#480=LINE('',#2872,#692);
#481=LINE('',#2874,#693);
#482=LINE('',#2876,#694);
#483=LINE('',#2878,#695);
#484=LINE('',#2880,#696);
#485=LINE('',#2881,#697);
#486=LINE('',#2883,#698);
#487=LINE('',#2885,#699);
#488=LINE('',#2886,#700);
#489=LINE('',#2901,#701);
#490=LINE('',#2908,#702);
#491=LINE('',#2911,#703);
#492=LINE('',#2917,#704);
#493=LINE('',#2920,#705);
#494=LINE('',#2923,#706);
#495=LINE('',#2924,#707);
#496=LINE('',#2925,#708);
#497=LINE('',#2927,#709);
#498=LINE('',#2928,#710);
#499=LINE('',#2932,#711);
#500=LINE('',#2933,#712);
#501=LINE('',#2935,#713);
#502=LINE('',#2937,#714);
#503=LINE('',#2938,#715);
#504=LINE('',#2939,#716);
#505=LINE('',#2941,#717);
#506=LINE('',#2942,#718);
#507=LINE('',#2946,#719);
#508=LINE('',#2947,#720);
#509=LINE('',#2949,#721);
#510=LINE('',#2950,#722);
#511=LINE('',#2954,#723);
#512=LINE('',#2958,#724);
#513=LINE('',#2959,#725);
#514=LINE('',#2961,#726);
#515=LINE('',#2962,#727);
#516=LINE('',#2965,#728);
#517=LINE('',#2967,#729);
#518=LINE('',#2969,#730);
#519=LINE('',#2970,#731);
#520=LINE('',#2973,#732);
#521=LINE('',#2975,#733);
#522=LINE('',#2976,#734);
#523=LINE('',#2979,#735);
#524=LINE('',#2980,#736);
#525=LINE('',#2982,#737);
#526=LINE('',#2983,#738);
#527=LINE('',#2987,#739);
#528=LINE('',#2988,#740);
#529=LINE('',#2990,#741);
#530=LINE('',#2993,#742);
#531=LINE('',#2997,#743);
#532=LINE('',#3001,#744);
#533=LINE('',#3005,#745);
#534=LINE('',#3011,#746);
#535=LINE('',#3014,#747);
#536=LINE('',#3017,#748);
#537=LINE('',#3018,#749);
#538=LINE('',#3021,#750);
#539=LINE('',#3024,#751);
#540=VECTOR('',#2022,3.99999999999999);
#541=VECTOR('',#2027,10.);
#542=VECTOR('',#2028,10.);
#543=VECTOR('',#2029,10.);
#544=VECTOR('',#2030,10.);
#545=VECTOR('',#2031,10.);
#546=VECTOR('',#2032,10.);
#547=VECTOR('',#2033,10.);
#548=VECTOR('',#2034,10.);
#549=VECTOR('',#2035,10.);
#550=VECTOR('',#2036,10.);
#551=VECTOR('',#2037,10.);
#552=VECTOR('',#2038,10.);
#553=VECTOR('',#2039,10.);
#554=VECTOR('',#2040,10.);
#555=VECTOR('',#2041,10.);
#556=VECTOR('',#2042,10.);
#557=VECTOR('',#2043,10.);
#558=VECTOR('',#2044,10.);
#559=VECTOR('',#2047,10.);
#560=VECTOR('',#2048,10.);
#561=VECTOR('',#2049,10.);
#562=VECTOR('',#2050,10.);
#563=VECTOR('',#2053,10.);
#564=VECTOR('',#2054,10.);
#565=VECTOR('',#2055,10.);
#566=VECTOR('',#2056,10.);
#567=VECTOR('',#2059,10.);
#568=VECTOR('',#2060,10.);
#569=VECTOR('',#2061,10.);
#570=VECTOR('',#2064,10.);
#571=VECTOR('',#2065,10.);
#572=VECTOR('',#2066,10.);
#573=VECTOR('',#2069,10.);
#574=VECTOR('',#2070,10.);
#575=VECTOR('',#2071,10.);
#576=VECTOR('',#2074,10.);
#577=VECTOR('',#2075,10.);
#578=VECTOR('',#2078,10.);
#579=VECTOR('',#2079,10.);
#580=VECTOR('',#2080,10.);
#581=VECTOR('',#2081,10.);
#582=VECTOR('',#2084,10.);
#583=VECTOR('',#2085,10.);
#584=VECTOR('',#2086,10.);
#585=VECTOR('',#2089,10.);
#586=VECTOR('',#2090,10.);
#587=VECTOR('',#2091,10.);
#588=VECTOR('',#2094,10.);
#589=VECTOR('',#2095,10.);
#590=VECTOR('',#2098,10.);
#591=VECTOR('',#2099,10.);
#592=VECTOR('',#2100,10.);
#593=VECTOR('',#2101,10.);
#594=VECTOR('',#2104,10.);
#595=VECTOR('',#2105,10.);
#596=VECTOR('',#2106,10.);
#597=VECTOR('',#2109,10.);
#598=VECTOR('',#2112,10.);
#599=VECTOR('',#2113,10.);
#600=VECTOR('',#2118,10.);
#601=VECTOR('',#2119,10.);
#602=VECTOR('',#2122,10.);
#603=VECTOR('',#2125,10.);
#604=VECTOR('',#2126,10.);
#605=VECTOR('',#2131,10.);
#606=VECTOR('',#2134,10.);
#607=VECTOR('',#2135,10.);
#608=VECTOR('',#2136,10.);
#609=VECTOR('',#2137,10.);
#610=VECTOR('',#2138,10.);
#611=VECTOR('',#2139,10.);
#612=VECTOR('',#2140,10.);
#613=VECTOR('',#2141,10.);
#614=VECTOR('',#2142,10.);
#615=VECTOR('',#2145,10.);
#616=VECTOR('',#2146,10.);
#617=VECTOR('',#2147,10.);
#618=VECTOR('',#2152,10.);
#619=VECTOR('',#2155,10.);
#620=VECTOR('',#2158,10.);
#621=VECTOR('',#2159,10.);
#622=VECTOR('',#2160,10.);
#623=VECTOR('',#2161,10.);
#624=VECTOR('',#2162,10.);
#625=VECTOR('',#2163,10.);
#626=VECTOR('',#2164,10.);
#627=VECTOR('',#2165,10.);
#628=VECTOR('',#2168,10.);
#629=VECTOR('',#2169,10.);
#630=VECTOR('',#2170,10.);
#631=VECTOR('',#2173,10.);
#632=VECTOR('',#2174,10.);
#633=VECTOR('',#2175,10.);
#634=VECTOR('',#2178,10.);
#635=VECTOR('',#2179,10.);
#636=VECTOR('',#2180,10.);
#637=VECTOR('',#2181,10.);
#638=VECTOR('',#2182,10.);
#639=VECTOR('',#2185,10.);
#640=VECTOR('',#2188,10.);
#641=VECTOR('',#2191,10.);
#642=VECTOR('',#2192,10.);
#643=VECTOR('',#2195,10.);
#644=VECTOR('',#2196,10.);
#645=VECTOR('',#2201,12.);
#646=VECTOR('',#2206,10.);
#647=VECTOR('',#2207,10.);
#648=VECTOR('',#2208,10.);
#649=VECTOR('',#2211,10.);
#650=VECTOR('',#2212,10.);
#651=VECTOR('',#2215,10.);
#652=VECTOR('',#2216,10.);
#653=VECTOR('',#2219,10.);
#654=VECTOR('',#2224,1.2295);
#655=VECTOR('',#2231,1.2295);
#656=VECTOR('',#2238,1.2295);
#657=VECTOR('',#2245,1.2295);
#658=VECTOR('',#2250,10.);
#659=VECTOR('',#2255,10.);
#660=VECTOR('',#2256,10.);
#661=VECTOR('',#2257,10.);
#662=VECTOR('',#2258,10.);
#663=VECTOR('',#2259,10.);
#664=VECTOR('',#2262,10.);
#665=VECTOR('',#2263,10.);
#666=VECTOR('',#2266,10.);
#667=VECTOR('',#2269,10.);
#668=VECTOR('',#2272,10.);
#669=VECTOR('',#2277,10.);
#670=VECTOR('',#2280,10.);
#671=VECTOR('',#2283,10.);
#672=VECTOR('',#2286,10.);
#673=VECTOR('',#2291,10.);
#674=VECTOR('',#2294,10.);
#675=VECTOR('',#2297,10.);
#676=VECTOR('',#2298,10.);
#677=VECTOR('',#2303,4.1);
#678=VECTOR('',#2310,4.1);
#679=VECTOR('',#2317,4.1);
#680=VECTOR('',#2324,4.1);
#681=VECTOR('',#2329,10.);
#682=VECTOR('',#2330,10.);
#683=VECTOR('',#2337,10.);
#684=VECTOR('',#2338,10.);
#685=VECTOR('',#2339,10.);
#686=VECTOR('',#2340,10.);
#687=VECTOR('',#2341,10.);
#688=VECTOR('',#2342,10.);
#689=VECTOR('',#2343,10.);
#690=VECTOR('',#2344,10.);
#691=VECTOR('',#2347,10.);
#692=VECTOR('',#2348,10.);
#693=VECTOR('',#2349,10.);
#694=VECTOR('',#2350,10.);
#695=VECTOR('',#2351,10.);
#696=VECTOR('',#2352,10.);
#697=VECTOR('',#2353,10.);
#698=VECTOR('',#2354,10.);
#699=VECTOR('',#2355,10.);
#700=VECTOR('',#2356,10.);
#701=VECTOR('',#2371,11.1);
#702=VECTOR('',#2378,10.);
#703=VECTOR('',#2381,10.);
#704=VECTOR('',#2386,10.);
#705=VECTOR('',#2389,10.);
#706=VECTOR('',#2392,10.);
#707=VECTOR('',#2393,10.);
#708=VECTOR('',#2394,10.);
#709=VECTOR('',#2395,10.);
#710=VECTOR('',#2396,10.);
#711=VECTOR('',#2399,10.);
#712=VECTOR('',#2400,10.);
#713=VECTOR('',#2401,10.);
#714=VECTOR('',#2402,10.);
#715=VECTOR('',#2403,10.);
#716=VECTOR('',#2404,10.);
#717=VECTOR('',#2407,10.);
#718=VECTOR('',#2408,10.);
#719=VECTOR('',#2415,10.);
#720=VECTOR('',#2416,10.);
#721=VECTOR('',#2419,10.);
#722=VECTOR('',#2420,10.);
#723=VECTOR('',#2425,12.);
#724=VECTOR('',#2430,10.);
#725=VECTOR('',#2431,10.);
#726=VECTOR('',#2432,10.);
#727=VECTOR('',#2433,10.);
#728=VECTOR('',#2434,10.);
#729=VECTOR('',#2435,10.);
#730=VECTOR('',#2436,10.);
#731=VECTOR('',#2437,10.);
#732=VECTOR('',#2440,10.);
#733=VECTOR('',#2441,10.);
#734=VECTOR('',#2442,10.);
#735=VECTOR('',#2445,10.);
#736=VECTOR('',#2446,10.);
#737=VECTOR('',#2449,10.);
#738=VECTOR('',#2450,10.);
#739=VECTOR('',#2455,10.);
#740=VECTOR('',#2456,10.);
#741=VECTOR('',#2459,10.);
#742=VECTOR('',#2462,1.2295);
#743=VECTOR('',#2467,1.2295);
#744=VECTOR('',#2472,1.2295);
#745=VECTOR('',#2477,1.2295);
#746=VECTOR('',#2486,10.);
#747=VECTOR('',#2489,10.);
#748=VECTOR('',#2492,10.);
#749=VECTOR('',#2493,10.);
#750=VECTOR('',#2496,10.);
#751=VECTOR('',#2501,10.);
#752=CIRCLE('',#1880,3.99999999999999);
#753=CIRCLE('',#1881,3.99999999999999);
#754=CIRCLE('',#1895,4.);
#755=CIRCLE('',#1898,4.);
#756=CIRCLE('',#1906,12.);
#757=CIRCLE('',#1907,12.);
#758=CIRCLE('',#1917,12.);
#759=CIRCLE('',#1918,12.);
#760=CIRCLE('',#1924,1.2295);
#761=CIRCLE('',#1925,1.2295);
#762=CIRCLE('',#1927,1.2295);
#763=CIRCLE('',#1928,1.2295);
#764=CIRCLE('',#1930,1.2295);
#765=CIRCLE('',#1931,1.2295);
#766=CIRCLE('',#1933,1.2295);
#767=CIRCLE('',#1934,1.2295);
#768=CIRCLE('',#1941,9.99999999999991);
#769=CIRCLE('',#1943,10.);
#770=CIRCLE('',#1944,10.);
#771=CIRCLE('',#1946,9.99999999999991);
#772=CIRCLE('',#1948,7.99999999999998);
#773=CIRCLE('',#1949,7.99999999999998);
#774=CIRCLE('',#1952,4.1);
#775=CIRCLE('',#1953,4.1);
#776=CIRCLE('',#1955,4.1);
#777=CIRCLE('',#1956,4.1);
#778=CIRCLE('',#1958,4.1);
#779=CIRCLE('',#1959,4.1);
#780=CIRCLE('',#1961,4.1);
#781=CIRCLE('',#1962,4.1);
#782=CIRCLE('',#1968,12.);
#783=CIRCLE('',#1969,1.2295);
#784=CIRCLE('',#1970,1.2295);
#785=CIRCLE('',#1971,1.2295);
#786=CIRCLE('',#1972,1.2295);
#787=CIRCLE('',#1974,11.1);
#788=CIRCLE('',#1975,11.1);
#789=CIRCLE('',#1977,13.1);
#790=CIRCLE('',#1978,13.1);
#791=CIRCLE('',#1980,13.1);
#792=CIRCLE('',#1981,13.1);
#793=CIRCLE('',#1991,12.);
#794=CIRCLE('',#2000,1.2295);
#795=CIRCLE('',#2002,1.2295);
#796=CIRCLE('',#2004,1.2295);
#797=CIRCLE('',#2006,1.2295);
#798=CIRCLE('',#2010,7.9999999999999);
#799=CIRCLE('',#2013,7.9999999999999);
#800=VERTEX_POINT('',#2506);
#801=VERTEX_POINT('',#2508);
#802=VERTEX_POINT('',#2512);
#803=VERTEX_POINT('',#2513);
#804=VERTEX_POINT('',#2515);
#805=VERTEX_POINT('',#2517);
#806=VERTEX_POINT('',#2519);
#807=VERTEX_POINT('',#2521);
#808=VERTEX_POINT('',#2523);
#809=VERTEX_POINT('',#2525);
#810=VERTEX_POINT('',#2527);
#811=VERTEX_POINT('',#2529);
#812=VERTEX_POINT('',#2531);
#813=VERTEX_POINT('',#2533);
#814=VERTEX_POINT('',#2535);
#815=VERTEX_POINT('',#2537);
#816=VERTEX_POINT('',#2540);
#817=VERTEX_POINT('',#2541);
#818=VERTEX_POINT('',#2543);
#819=VERTEX_POINT('',#2545);
#820=VERTEX_POINT('',#2549);
#821=VERTEX_POINT('',#2550);
#822=VERTEX_POINT('',#2552);
#823=VERTEX_POINT('',#2554);
#824=VERTEX_POINT('',#2558);
#825=VERTEX_POINT('',#2559);
#826=VERTEX_POINT('',#2561);
#827=VERTEX_POINT('',#2563);
#828=VERTEX_POINT('',#2567);
#829=VERTEX_POINT('',#2569);
#830=VERTEX_POINT('',#2573);
#831=VERTEX_POINT('',#2578);
#832=VERTEX_POINT('',#2580);
#833=VERTEX_POINT('',#2587);
#834=VERTEX_POINT('',#2588);
#835=VERTEX_POINT('',#2590);
#836=VERTEX_POINT('',#2592);
#837=VERTEX_POINT('',#2596);
#838=VERTEX_POINT('',#2598);
#839=VERTEX_POINT('',#2602);
#840=VERTEX_POINT('',#2604);
#841=VERTEX_POINT('',#2611);
#842=VERTEX_POINT('',#2612);
#843=VERTEX_POINT('',#2614);
#844=VERTEX_POINT('',#2616);
#845=VERTEX_POINT('',#2620);
#846=VERTEX_POINT('',#2622);
#847=VERTEX_POINT('',#2624);
#848=VERTEX_POINT('',#2626);
#849=VERTEX_POINT('',#2630);
#850=VERTEX_POINT('',#2634);
#851=VERTEX_POINT('',#2635);
#852=VERTEX_POINT('',#2642);
#853=VERTEX_POINT('',#2649);
#854=VERTEX_POINT('',#2650);
#855=VERTEX_POINT('',#2653);
#856=VERTEX_POINT('',#2655);
#857=VERTEX_POINT('',#2657);
#858=VERTEX_POINT('',#2659);
#859=VERTEX_POINT('',#2661);
#860=VERTEX_POINT('',#2663);
#861=VERTEX_POINT('',#2667);
#862=VERTEX_POINT('',#2668);
#863=VERTEX_POINT('',#2673);
#864=VERTEX_POINT('',#2674);
#865=VERTEX_POINT('',#2676);
#866=VERTEX_POINT('',#2678);
#867=VERTEX_POINT('',#2682);
#868=VERTEX_POINT('',#2684);
#869=VERTEX_POINT('',#2686);
#870=VERTEX_POINT('',#2688);
#871=VERTEX_POINT('',#2690);
#872=VERTEX_POINT('',#2693);
#873=VERTEX_POINT('',#2697);
#874=VERTEX_POINT('',#2703);
#875=VERTEX_POINT('',#2708);
#876=VERTEX_POINT('',#2711);
#877=VERTEX_POINT('',#2719);
#878=VERTEX_POINT('',#2723);
#879=VERTEX_POINT('',#2727);
#880=VERTEX_POINT('',#2729);
#881=VERTEX_POINT('',#2733);
#882=VERTEX_POINT('',#2735);
#883=VERTEX_POINT('',#2739);
#884=VERTEX_POINT('',#2743);
#885=VERTEX_POINT('',#2749);
#886=VERTEX_POINT('',#2751);
#887=VERTEX_POINT('',#2755);
#888=VERTEX_POINT('',#2757);
#889=VERTEX_POINT('',#2761);
#890=VERTEX_POINT('',#2763);
#891=VERTEX_POINT('',#2767);
#892=VERTEX_POINT('',#2769);
#893=VERTEX_POINT('',#2776);
#894=VERTEX_POINT('',#2778);
#895=VERTEX_POINT('',#2780);
#896=VERTEX_POINT('',#2782);
#897=VERTEX_POINT('',#2791);
#898=VERTEX_POINT('',#2793);
#899=VERTEX_POINT('',#2797);
#900=VERTEX_POINT('',#2798);
#901=VERTEX_POINT('',#2800);
#902=VERTEX_POINT('',#2802);
#903=VERTEX_POINT('',#2806);
#904=VERTEX_POINT('',#2808);
#905=VERTEX_POINT('',#2812);
#906=VERTEX_POINT('',#2813);
#907=VERTEX_POINT('',#2815);
#908=VERTEX_POINT('',#2817);
#909=VERTEX_POINT('',#2824);
#910=VERTEX_POINT('',#2826);
#911=VERTEX_POINT('',#2830);
#912=VERTEX_POINT('',#2832);
#913=VERTEX_POINT('',#2836);
#914=VERTEX_POINT('',#2838);
#915=VERTEX_POINT('',#2842);
#916=VERTEX_POINT('',#2844);
#917=VERTEX_POINT('',#2853);
#918=VERTEX_POINT('',#2855);
#919=VERTEX_POINT('',#2857);
#920=VERTEX_POINT('',#2859);
#921=VERTEX_POINT('',#2861);
#922=VERTEX_POINT('',#2863);
#923=VERTEX_POINT('',#2865);
#924=VERTEX_POINT('',#2869);
#925=VERTEX_POINT('',#2871);
#926=VERTEX_POINT('',#2873);
#927=VERTEX_POINT('',#2875);
#928=VERTEX_POINT('',#2877);
#929=VERTEX_POINT('',#2879);
#930=VERTEX_POINT('',#2882);
#931=VERTEX_POINT('',#2884);
#932=VERTEX_POINT('',#2887);
#933=VERTEX_POINT('',#2889);
#934=VERTEX_POINT('',#2891);
#935=VERTEX_POINT('',#2893);
#936=VERTEX_POINT('',#2895);
#937=VERTEX_POINT('',#2898);
#938=VERTEX_POINT('',#2900);
#939=VERTEX_POINT('',#2904);
#940=VERTEX_POINT('',#2905);
#941=VERTEX_POINT('',#2907);
#942=VERTEX_POINT('',#2909);
#943=VERTEX_POINT('',#2913);
#944=VERTEX_POINT('',#2914);
#945=VERTEX_POINT('',#2916);
#946=VERTEX_POINT('',#2918);
#947=VERTEX_POINT('',#2922);
#948=VERTEX_POINT('',#2926);
#949=VERTEX_POINT('',#2930);
#950=VERTEX_POINT('',#2931);
#951=VERTEX_POINT('',#2934);
#952=VERTEX_POINT('',#2936);
#953=VERTEX_POINT('',#2953);
#954=VERTEX_POINT('',#2957);
#955=VERTEX_POINT('',#2960);
#956=VERTEX_POINT('',#2963);
#957=VERTEX_POINT('',#2964);
#958=VERTEX_POINT('',#2966);
#959=VERTEX_POINT('',#2968);
#960=VERTEX_POINT('',#2972);
#961=VERTEX_POINT('',#2974);
#962=VERTEX_POINT('',#2978);
#963=VERTEX_POINT('',#2986);
#964=VERTEX_POINT('',#2992);
#965=VERTEX_POINT('',#2996);
#966=VERTEX_POINT('',#3000);
#967=VERTEX_POINT('',#3004);
#968=VERTEX_POINT('',#3010);
#969=VERTEX_POINT('',#3012);
#970=VERTEX_POINT('',#3016);
#971=VERTEX_POINT('',#3020);
#972=EDGE_CURVE('',#800,#800,#752,.T.);
#973=EDGE_CURVE('',#800,#801,#328,.T.);
#974=EDGE_CURVE('',#801,#801,#753,.T.);
#975=EDGE_CURVE('',#802,#803,#329,.T.);
#976=EDGE_CURVE('',#802,#804,#330,.T.);
#977=EDGE_CURVE('',#805,#804,#331,.T.);
#978=EDGE_CURVE('',#806,#805,#332,.T.);
#979=EDGE_CURVE('',#806,#807,#333,.T.);
#980=EDGE_CURVE('',#807,#808,#334,.T.);
#981=EDGE_CURVE('',#808,#809,#335,.T.);
#982=EDGE_CURVE('',#810,#809,#336,.T.);
#983=EDGE_CURVE('',#810,#811,#337,.T.);
#984=EDGE_CURVE('',#811,#812,#338,.T.);
#985=EDGE_CURVE('',#812,#813,#339,.T.);
#986=EDGE_CURVE('',#813,#814,#340,.T.);
#987=EDGE_CURVE('',#814,#815,#341,.T.);
#988=EDGE_CURVE('',#815,#803,#342,.T.);
#989=EDGE_CURVE('',#816,#817,#343,.T.);
#990=EDGE_CURVE('',#817,#818,#344,.T.);
#991=EDGE_CURVE('',#818,#819,#345,.T.);
#992=EDGE_CURVE('',#819,#816,#346,.T.);
#993=EDGE_CURVE('',#820,#821,#347,.T.);
#994=EDGE_CURVE('',#822,#821,#348,.T.);
#995=EDGE_CURVE('',#823,#822,#349,.T.);
#996=EDGE_CURVE('',#823,#820,#350,.T.);
#997=EDGE_CURVE('',#824,#825,#351,.T.);
#998=EDGE_CURVE('',#824,#826,#352,.T.);
#999=EDGE_CURVE('',#827,#826,#353,.T.);
#1000=EDGE_CURVE('',#825,#827,#354,.T.);
#1001=EDGE_CURVE('',#828,#824,#355,.T.);
#1002=EDGE_CURVE('',#828,#829,#356,.T.);
#1003=EDGE_CURVE('',#826,#829,#357,.T.);
#1004=EDGE_CURVE('',#830,#828,#358,.T.);
#1005=EDGE_CURVE('',#830,#822,#359,.T.);
#1006=EDGE_CURVE('',#829,#821,#360,.T.);
#1007=EDGE_CURVE('',#831,#830,#361,.T.);
#1008=EDGE_CURVE('',#831,#832,#362,.T.);
#1009=EDGE_CURVE('',#823,#832,#363,.T.);
#1010=EDGE_CURVE('',#825,#831,#364,.T.);
#1011=EDGE_CURVE('',#832,#827,#365,.T.);
#1012=EDGE_CURVE('',#833,#834,#366,.T.);
#1013=EDGE_CURVE('',#834,#835,#367,.T.);
#1014=EDGE_CURVE('',#836,#835,#368,.T.);
#1015=EDGE_CURVE('',#833,#836,#369,.T.);
#1016=EDGE_CURVE('',#837,#833,#370,.T.);
#1017=EDGE_CURVE('',#838,#836,#371,.T.);
#1018=EDGE_CURVE('',#837,#838,#372,.T.);
#1019=EDGE_CURVE('',#839,#837,#373,.T.);
#1020=EDGE_CURVE('',#840,#838,#374,.T.);
#1021=EDGE_CURVE('',#839,#840,#375,.T.);
#1022=EDGE_CURVE('',#834,#839,#376,.T.);
#1023=EDGE_CURVE('',#835,#840,#377,.T.);
#1024=EDGE_CURVE('',#841,#842,#378,.T.);
#1025=EDGE_CURVE('',#843,#841,#379,.T.);
#1026=EDGE_CURVE('',#844,#843,#380,.T.);
#1027=EDGE_CURVE('',#842,#844,#381,.T.);
#1028=EDGE_CURVE('',#845,#843,#382,.T.);
#1029=EDGE_CURVE('',#846,#845,#383,.T.);
#1030=EDGE_CURVE('',#846,#847,#384,.T.);
#1031=EDGE_CURVE('',#848,#847,#754,.T.);
#1032=EDGE_CURVE('',#848,#844,#385,.T.);
#1033=EDGE_CURVE('',#849,#841,#386,.T.);
#1034=EDGE_CURVE('',#845,#849,#387,.T.);
#1035=EDGE_CURVE('',#850,#851,#755,.T.);
#1036=EDGE_CURVE('',#851,#848,#388,.T.);
#1037=EDGE_CURVE('',#847,#850,#389,.T.);
#1038=EDGE_CURVE('',#851,#842,#390,.T.);
#1039=EDGE_CURVE('',#852,#850,#391,.T.);
#1040=EDGE_CURVE('',#849,#852,#392,.T.);
#1041=EDGE_CURVE('',#852,#846,#393,.T.);
#1042=EDGE_CURVE('',#853,#854,#394,.T.);
#1043=EDGE_CURVE('',#854,#811,#395,.T.);
#1044=EDGE_CURVE('',#810,#855,#396,.T.);
#1045=EDGE_CURVE('',#855,#856,#397,.T.);
#1046=EDGE_CURVE('',#857,#856,#398,.T.);
#1047=EDGE_CURVE('',#857,#858,#399,.T.);
#1048=EDGE_CURVE('',#858,#859,#400,.T.);
#1049=EDGE_CURVE('',#859,#860,#401,.T.);
#1050=EDGE_CURVE('',#853,#860,#402,.T.);
#1051=EDGE_CURVE('',#861,#862,#403,.T.);
#1052=EDGE_CURVE('',#860,#862,#404,.T.);
#1053=EDGE_CURVE('',#861,#859,#405,.T.);
#1054=EDGE_CURVE('',#863,#864,#756,.T.);
#1055=EDGE_CURVE('',#864,#865,#406,.T.);
#1056=EDGE_CURVE('',#865,#866,#757,.F.);
#1057=EDGE_CURVE('',#866,#863,#407,.T.);
#1058=EDGE_CURVE('',#864,#867,#408,.T.);
#1059=EDGE_CURVE('',#867,#868,#409,.T.);
#1060=EDGE_CURVE('',#868,#869,#410,.T.);
#1061=EDGE_CURVE('',#870,#869,#411,.T.);
#1062=EDGE_CURVE('',#871,#870,#412,.T.);
#1063=EDGE_CURVE('',#857,#871,#413,.T.);
#1064=EDGE_CURVE('',#856,#872,#414,.T.);
#1065=EDGE_CURVE('',#865,#872,#415,.T.);
#1066=EDGE_CURVE('',#873,#812,#416,.T.);
#1067=EDGE_CURVE('',#867,#873,#417,.T.);
#1068=EDGE_CURVE('',#813,#863,#418,.T.);
#1069=EDGE_CURVE('',#806,#869,#419,.T.);
#1070=EDGE_CURVE('',#868,#874,#420,.T.);
#1071=EDGE_CURVE('',#874,#807,#421,.T.);
#1072=EDGE_CURVE('',#821,#809,#422,.T.);
#1073=EDGE_CURVE('',#875,#808,#423,.T.);
#1074=EDGE_CURVE('',#871,#875,#424,.T.);
#1075=EDGE_CURVE('',#876,#870,#425,.T.);
#1076=EDGE_CURVE('',#876,#823,#426,.T.);
#1077=EDGE_CURVE('',#858,#875,#427,.T.);
#1078=EDGE_CURVE('',#874,#873,#428,.T.);
#1079=EDGE_CURVE('',#877,#854,#429,.T.);
#1080=EDGE_CURVE('',#861,#877,#430,.T.);
#1081=EDGE_CURVE('',#805,#878,#431,.T.);
#1082=EDGE_CURVE('',#878,#876,#432,.T.);
#1083=EDGE_CURVE('',#879,#879,#758,.T.);
#1084=EDGE_CURVE('',#879,#880,#433,.T.);
#1085=EDGE_CURVE('',#880,#880,#759,.T.);
#1086=EDGE_CURVE('',#881,#817,#434,.T.);
#1087=EDGE_CURVE('',#882,#881,#435,.T.);
#1088=EDGE_CURVE('',#882,#818,#436,.T.);
#1089=EDGE_CURVE('',#883,#816,#437,.T.);
#1090=EDGE_CURVE('',#881,#883,#438,.T.);
#1091=EDGE_CURVE('',#884,#819,#439,.T.);
#1092=EDGE_CURVE('',#883,#884,#440,.T.);
#1093=EDGE_CURVE('',#884,#882,#441,.T.);
#1094=EDGE_CURVE('',#885,#885,#760,.T.);
#1095=EDGE_CURVE('',#885,#886,#442,.T.);
#1096=EDGE_CURVE('',#886,#886,#761,.T.);
#1097=EDGE_CURVE('',#887,#887,#762,.T.);
#1098=EDGE_CURVE('',#887,#888,#443,.T.);
#1099=EDGE_CURVE('',#888,#888,#763,.T.);
#1100=EDGE_CURVE('',#889,#889,#764,.T.);
#1101=EDGE_CURVE('',#889,#890,#444,.T.);
#1102=EDGE_CURVE('',#890,#890,#765,.T.);
#1103=EDGE_CURVE('',#891,#891,#766,.T.);
#1104=EDGE_CURVE('',#891,#892,#445,.T.);
#1105=EDGE_CURVE('',#892,#892,#767,.T.);
#1106=EDGE_CURVE('',#855,#820,#446,.T.);
#1107=EDGE_CURVE('',#878,#893,#447,.T.);
#1108=EDGE_CURVE('',#893,#894,#448,.T.);
#1109=EDGE_CURVE('',#895,#894,#449,.T.);
#1110=EDGE_CURVE('',#896,#895,#450,.T.);
#1111=EDGE_CURVE('',#872,#896,#451,.T.);
#1112=EDGE_CURVE('',#815,#896,#452,.T.);
#1113=EDGE_CURVE('',#814,#866,#453,.T.);
#1114=EDGE_CURVE('',#803,#895,#454,.T.);
#1115=EDGE_CURVE('',#804,#897,#455,.T.);
#1116=EDGE_CURVE('',#897,#898,#768,.T.);
#1117=EDGE_CURVE('',#898,#893,#456,.T.);
#1118=EDGE_CURVE('',#899,#900,#769,.T.);
#1119=EDGE_CURVE('',#900,#901,#457,.T.);
#1120=EDGE_CURVE('',#902,#901,#770,.T.);
#1121=EDGE_CURVE('',#899,#902,#458,.T.);
#1122=EDGE_CURVE('',#897,#903,#459,.T.);
#1123=EDGE_CURVE('',#904,#903,#771,.T.);
#1124=EDGE_CURVE('',#898,#904,#460,.T.);
#1125=EDGE_CURVE('',#905,#906,#772,.T.);
#1126=EDGE_CURVE('',#906,#907,#461,.T.);
#1127=EDGE_CURVE('',#908,#907,#773,.T.);
#1128=EDGE_CURVE('',#905,#908,#462,.T.);
#1129=EDGE_CURVE('',#899,#906,#463,.T.);
#1130=EDGE_CURVE('',#907,#902,#464,.T.);
#1131=EDGE_CURVE('',#909,#909,#774,.T.);
#1132=EDGE_CURVE('',#909,#910,#465,.T.);
#1133=EDGE_CURVE('',#910,#910,#775,.T.);
#1134=EDGE_CURVE('',#911,#911,#776,.T.);
#1135=EDGE_CURVE('',#911,#912,#466,.T.);
#1136=EDGE_CURVE('',#912,#912,#777,.T.);
#1137=EDGE_CURVE('',#913,#913,#778,.T.);
#1138=EDGE_CURVE('',#913,#914,#467,.T.);
#1139=EDGE_CURVE('',#914,#914,#779,.T.);
#1140=EDGE_CURVE('',#915,#915,#780,.T.);
#1141=EDGE_CURVE('',#915,#916,#468,.T.);
#1142=EDGE_CURVE('',#916,#916,#781,.T.);
#1143=EDGE_CURVE('',#901,#904,#469,.T.);
#1144=EDGE_CURVE('',#894,#900,#470,.T.);
#1145=EDGE_CURVE('',#917,#877,#471,.T.);
#1146=EDGE_CURVE('',#917,#918,#472,.T.);
#1147=EDGE_CURVE('',#919,#918,#473,.T.);
#1148=EDGE_CURVE('',#920,#919,#474,.T.);
#1149=EDGE_CURVE('',#921,#920,#475,.T.);
#1150=EDGE_CURVE('',#922,#921,#476,.T.);
#1151=EDGE_CURVE('',#923,#922,#477,.T.);
#1152=EDGE_CURVE('',#862,#923,#478,.T.);
#1153=EDGE_CURVE('',#853,#924,#479,.T.);
#1154=EDGE_CURVE('',#924,#925,#480,.T.);
#1155=EDGE_CURVE('',#925,#926,#481,.T.);
#1156=EDGE_CURVE('',#926,#927,#482,.T.);
#1157=EDGE_CURVE('',#927,#928,#483,.T.);
#1158=EDGE_CURVE('',#928,#929,#484,.T.);
#1159=EDGE_CURVE('',#929,#921,#485,.T.);
#1160=EDGE_CURVE('',#920,#930,#486,.T.);
#1161=EDGE_CURVE('',#930,#931,#487,.T.);
#1162=EDGE_CURVE('',#931,#917,#488,.T.);
#1163=EDGE_CURVE('',#932,#932,#782,.T.);
#1164=EDGE_CURVE('',#933,#933,#783,.T.);
#1165=EDGE_CURVE('',#934,#934,#784,.T.);
#1166=EDGE_CURVE('',#935,#935,#785,.T.);
#1167=EDGE_CURVE('',#936,#936,#786,.T.);
#1168=EDGE_CURVE('',#937,#937,#787,.T.);
#1169=EDGE_CURVE('',#937,#938,#489,.T.);
#1170=EDGE_CURVE('',#938,#938,#788,.T.);
#1171=EDGE_CURVE('',#939,#940,#789,.T.);
#1172=EDGE_CURVE('',#940,#941,#490,.T.);
#1173=EDGE_CURVE('',#942,#941,#790,.T.);
#1174=EDGE_CURVE('',#939,#942,#491,.T.);
#1175=EDGE_CURVE('',#943,#944,#791,.T.);
#1176=EDGE_CURVE('',#944,#945,#492,.T.);
#1177=EDGE_CURVE('',#946,#945,#792,.T.);
#1178=EDGE_CURVE('',#943,#946,#493,.T.);
#1179=EDGE_CURVE('',#947,#946,#494,.T.);
#1180=EDGE_CURVE('',#945,#919,#495,.T.);
#1181=EDGE_CURVE('',#918,#942,#496,.T.);
#1182=EDGE_CURVE('',#941,#948,#497,.T.);
#1183=EDGE_CURVE('',#948,#947,#498,.T.);
#1184=EDGE_CURVE('',#949,#950,#499,.T.);
#1185=EDGE_CURVE('',#940,#950,#500,.T.);
#1186=EDGE_CURVE('',#951,#939,#501,.T.);
#1187=EDGE_CURVE('',#951,#952,#502,.T.);
#1188=EDGE_CURVE('',#944,#952,#503,.T.);
#1189=EDGE_CURVE('',#949,#943,#504,.T.);
#1190=EDGE_CURVE('',#930,#952,#505,.T.);
#1191=EDGE_CURVE('',#931,#951,#506,.T.);
#1192=EDGE_CURVE('',#927,#949,#507,.T.);
#1193=EDGE_CURVE('',#928,#947,#508,.T.);
#1194=EDGE_CURVE('',#925,#948,#509,.T.);
#1195=EDGE_CURVE('',#926,#950,#510,.T.);
#1196=EDGE_CURVE('',#932,#953,#511,.T.);
#1197=EDGE_CURVE('',#953,#953,#793,.T.);
#1198=EDGE_CURVE('',#954,#923,#512,.T.);
#1199=EDGE_CURVE('',#922,#845,#513,.T.);
#1200=EDGE_CURVE('',#849,#955,#514,.T.);
#1201=EDGE_CURVE('',#955,#954,#515,.T.);
#1202=EDGE_CURVE('',#956,#957,#516,.T.);
#1203=EDGE_CURVE('',#957,#958,#517,.T.);
#1204=EDGE_CURVE('',#958,#959,#518,.T.);
#1205=EDGE_CURVE('',#959,#956,#519,.T.);
#1206=EDGE_CURVE('',#960,#957,#520,.T.);
#1207=EDGE_CURVE('',#961,#960,#521,.T.);
#1208=EDGE_CURVE('',#961,#958,#522,.T.);
#1209=EDGE_CURVE('',#962,#956,#523,.T.);
#1210=EDGE_CURVE('',#960,#962,#524,.T.);
#1211=EDGE_CURVE('',#955,#929,#525,.T.);
#1212=EDGE_CURVE('',#954,#924,#526,.T.);
#1213=EDGE_CURVE('',#963,#959,#527,.T.);
#1214=EDGE_CURVE('',#962,#963,#528,.T.);
#1215=EDGE_CURVE('',#963,#961,#529,.T.);
#1216=EDGE_CURVE('',#936,#964,#530,.T.);
#1217=EDGE_CURVE('',#964,#964,#794,.T.);
#1218=EDGE_CURVE('',#935,#965,#531,.T.);
#1219=EDGE_CURVE('',#965,#965,#795,.T.);
#1220=EDGE_CURVE('',#934,#966,#532,.T.);
#1221=EDGE_CURVE('',#966,#966,#796,.T.);
#1222=EDGE_CURVE('',#933,#967,#533,.T.);
#1223=EDGE_CURVE('',#967,#967,#797,.T.);
#1224=EDGE_CURVE('',#903,#968,#534,.T.);
#1225=EDGE_CURVE('',#968,#969,#798,.T.);
#1226=EDGE_CURVE('',#969,#908,#535,.T.);
#1227=EDGE_CURVE('',#970,#802,#536,.T.);
#1228=EDGE_CURVE('',#970,#968,#537,.T.);
#1229=EDGE_CURVE('',#905,#971,#538,.T.);
#1230=EDGE_CURVE('',#970,#971,#799,.T.);
#1231=EDGE_CURVE('',#971,#969,#539,.T.);
#1232=ORIENTED_EDGE('',*,*,#972,.F.);
#1233=ORIENTED_EDGE('',*,*,#973,.T.);
#1234=ORIENTED_EDGE('',*,*,#974,.T.);
#1235=ORIENTED_EDGE('',*,*,#973,.F.);
#1236=ORIENTED_EDGE('',*,*,#975,.F.);
#1237=ORIENTED_EDGE('',*,*,#976,.T.);
#1238=ORIENTED_EDGE('',*,*,#977,.F.);
#1239=ORIENTED_EDGE('',*,*,#978,.F.);
#1240=ORIENTED_EDGE('',*,*,#979,.T.);
#1241=ORIENTED_EDGE('',*,*,#980,.T.);
#1242=ORIENTED_EDGE('',*,*,#981,.T.);
#1243=ORIENTED_EDGE('',*,*,#982,.F.);
#1244=ORIENTED_EDGE('',*,*,#983,.T.);
#1245=ORIENTED_EDGE('',*,*,#984,.T.);
#1246=ORIENTED_EDGE('',*,*,#985,.T.);
#1247=ORIENTED_EDGE('',*,*,#986,.T.);
#1248=ORIENTED_EDGE('',*,*,#987,.T.);
#1249=ORIENTED_EDGE('',*,*,#988,.T.);
#1250=ORIENTED_EDGE('',*,*,#989,.T.);
#1251=ORIENTED_EDGE('',*,*,#990,.T.);
#1252=ORIENTED_EDGE('',*,*,#991,.T.);
#1253=ORIENTED_EDGE('',*,*,#992,.T.);
#1254=ORIENTED_EDGE('',*,*,#993,.T.);
#1255=ORIENTED_EDGE('',*,*,#994,.F.);
#1256=ORIENTED_EDGE('',*,*,#995,.F.);
#1257=ORIENTED_EDGE('',*,*,#996,.T.);
#1258=ORIENTED_EDGE('',*,*,#997,.F.);
#1259=ORIENTED_EDGE('',*,*,#998,.T.);
#1260=ORIENTED_EDGE('',*,*,#999,.F.);
#1261=ORIENTED_EDGE('',*,*,#1000,.F.);
#1262=ORIENTED_EDGE('',*,*,#1001,.F.);
#1263=ORIENTED_EDGE('',*,*,#1002,.T.);
#1264=ORIENTED_EDGE('',*,*,#1003,.F.);
#1265=ORIENTED_EDGE('',*,*,#998,.F.);
#1266=ORIENTED_EDGE('',*,*,#1004,.F.);
#1267=ORIENTED_EDGE('',*,*,#1005,.T.);
#1268=ORIENTED_EDGE('',*,*,#994,.T.);
#1269=ORIENTED_EDGE('',*,*,#1006,.F.);
#1270=ORIENTED_EDGE('',*,*,#1002,.F.);
#1271=ORIENTED_EDGE('',*,*,#1007,.F.);
#1272=ORIENTED_EDGE('',*,*,#1008,.T.);
#1273=ORIENTED_EDGE('',*,*,#1009,.F.);
#1274=ORIENTED_EDGE('',*,*,#995,.T.);
#1275=ORIENTED_EDGE('',*,*,#1005,.F.);
#1276=ORIENTED_EDGE('',*,*,#1010,.F.);
#1277=ORIENTED_EDGE('',*,*,#1000,.T.);
#1278=ORIENTED_EDGE('',*,*,#1011,.F.);
#1279=ORIENTED_EDGE('',*,*,#1008,.F.);
#1280=ORIENTED_EDGE('',*,*,#1012,.T.);
#1281=ORIENTED_EDGE('',*,*,#1013,.T.);
#1282=ORIENTED_EDGE('',*,*,#1014,.F.);
#1283=ORIENTED_EDGE('',*,*,#1015,.F.);
#1284=ORIENTED_EDGE('',*,*,#1016,.T.);
#1285=ORIENTED_EDGE('',*,*,#1015,.T.);
#1286=ORIENTED_EDGE('',*,*,#1017,.F.);
#1287=ORIENTED_EDGE('',*,*,#1018,.F.);
#1288=ORIENTED_EDGE('',*,*,#1019,.T.);
#1289=ORIENTED_EDGE('',*,*,#1018,.T.);
#1290=ORIENTED_EDGE('',*,*,#1020,.F.);
#1291=ORIENTED_EDGE('',*,*,#1021,.F.);
#1292=ORIENTED_EDGE('',*,*,#1022,.T.);
#1293=ORIENTED_EDGE('',*,*,#1021,.T.);
#1294=ORIENTED_EDGE('',*,*,#1023,.F.);
#1295=ORIENTED_EDGE('',*,*,#1013,.F.);
#1296=ORIENTED_EDGE('',*,*,#1023,.T.);
#1297=ORIENTED_EDGE('',*,*,#1020,.T.);
#1298=ORIENTED_EDGE('',*,*,#1017,.T.);
#1299=ORIENTED_EDGE('',*,*,#1014,.T.);
#1300=ORIENTED_EDGE('',*,*,#1024,.F.);
#1301=ORIENTED_EDGE('',*,*,#1025,.F.);
#1302=ORIENTED_EDGE('',*,*,#1026,.F.);
#1303=ORIENTED_EDGE('',*,*,#1027,.F.);
#1304=ORIENTED_EDGE('',*,*,#1026,.T.);
#1305=ORIENTED_EDGE('',*,*,#1028,.F.);
#1306=ORIENTED_EDGE('',*,*,#1029,.F.);
#1307=ORIENTED_EDGE('',*,*,#1030,.T.);
#1308=ORIENTED_EDGE('',*,*,#1031,.F.);
#1309=ORIENTED_EDGE('',*,*,#1032,.T.);
#1310=ORIENTED_EDGE('',*,*,#1025,.T.);
#1311=ORIENTED_EDGE('',*,*,#1033,.F.);
#1312=ORIENTED_EDGE('',*,*,#1034,.F.);
#1313=ORIENTED_EDGE('',*,*,#1028,.T.);
#1314=ORIENTED_EDGE('',*,*,#1035,.T.);
#1315=ORIENTED_EDGE('',*,*,#1036,.T.);
#1316=ORIENTED_EDGE('',*,*,#1031,.T.);
#1317=ORIENTED_EDGE('',*,*,#1037,.T.);
#1318=ORIENTED_EDGE('',*,*,#1027,.T.);
#1319=ORIENTED_EDGE('',*,*,#1032,.F.);
#1320=ORIENTED_EDGE('',*,*,#1036,.F.);
#1321=ORIENTED_EDGE('',*,*,#1038,.T.);
#1322=ORIENTED_EDGE('',*,*,#1024,.T.);
#1323=ORIENTED_EDGE('',*,*,#1038,.F.);
#1324=ORIENTED_EDGE('',*,*,#1035,.F.);
#1325=ORIENTED_EDGE('',*,*,#1039,.F.);
#1326=ORIENTED_EDGE('',*,*,#1040,.F.);
#1327=ORIENTED_EDGE('',*,*,#1033,.T.);
#1328=ORIENTED_EDGE('',*,*,#1022,.F.);
#1329=ORIENTED_EDGE('',*,*,#1012,.F.);
#1330=ORIENTED_EDGE('',*,*,#1016,.F.);
#1331=ORIENTED_EDGE('',*,*,#1019,.F.);
#1332=ORIENTED_EDGE('',*,*,#1037,.F.);
#1333=ORIENTED_EDGE('',*,*,#1030,.F.);
#1334=ORIENTED_EDGE('',*,*,#1041,.F.);
#1335=ORIENTED_EDGE('',*,*,#1039,.T.);
#1336=ORIENTED_EDGE('',*,*,#1042,.T.);
#1337=ORIENTED_EDGE('',*,*,#1043,.T.);
#1338=ORIENTED_EDGE('',*,*,#983,.F.);
#1339=ORIENTED_EDGE('',*,*,#1044,.T.);
#1340=ORIENTED_EDGE('',*,*,#1045,.T.);
#1341=ORIENTED_EDGE('',*,*,#1046,.F.);
#1342=ORIENTED_EDGE('',*,*,#1047,.T.);
#1343=ORIENTED_EDGE('',*,*,#1048,.T.);
#1344=ORIENTED_EDGE('',*,*,#1049,.T.);
#1345=ORIENTED_EDGE('',*,*,#1050,.F.);
#1346=ORIENTED_EDGE('',*,*,#1051,.T.);
#1347=ORIENTED_EDGE('',*,*,#1052,.F.);
#1348=ORIENTED_EDGE('',*,*,#1049,.F.);
#1349=ORIENTED_EDGE('',*,*,#1053,.F.);
#1350=ORIENTED_EDGE('',*,*,#1054,.T.);
#1351=ORIENTED_EDGE('',*,*,#1055,.T.);
#1352=ORIENTED_EDGE('',*,*,#1056,.T.);
#1353=ORIENTED_EDGE('',*,*,#1057,.T.);
#1354=ORIENTED_EDGE('',*,*,#1055,.F.);
#1355=ORIENTED_EDGE('',*,*,#1058,.T.);
#1356=ORIENTED_EDGE('',*,*,#1059,.T.);
#1357=ORIENTED_EDGE('',*,*,#1060,.T.);
#1358=ORIENTED_EDGE('',*,*,#1061,.F.);
#1359=ORIENTED_EDGE('',*,*,#1062,.F.);
#1360=ORIENTED_EDGE('',*,*,#1063,.F.);
#1361=ORIENTED_EDGE('',*,*,#1046,.T.);
#1362=ORIENTED_EDGE('',*,*,#1064,.T.);
#1363=ORIENTED_EDGE('',*,*,#1065,.F.);
#1364=ORIENTED_EDGE('',*,*,#1066,.F.);
#1365=ORIENTED_EDGE('',*,*,#1067,.F.);
#1366=ORIENTED_EDGE('',*,*,#1058,.F.);
#1367=ORIENTED_EDGE('',*,*,#1054,.F.);
#1368=ORIENTED_EDGE('',*,*,#1068,.F.);
#1369=ORIENTED_EDGE('',*,*,#985,.F.);
#1370=ORIENTED_EDGE('',*,*,#979,.F.);
#1371=ORIENTED_EDGE('',*,*,#1069,.T.);
#1372=ORIENTED_EDGE('',*,*,#1060,.F.);
#1373=ORIENTED_EDGE('',*,*,#1070,.T.);
#1374=ORIENTED_EDGE('',*,*,#1071,.T.);
#1375=ORIENTED_EDGE('',*,*,#997,.T.);
#1376=ORIENTED_EDGE('',*,*,#1010,.T.);
#1377=ORIENTED_EDGE('',*,*,#1007,.T.);
#1378=ORIENTED_EDGE('',*,*,#1004,.T.);
#1379=ORIENTED_EDGE('',*,*,#1001,.T.);
#1380=ORIENTED_EDGE('',*,*,#1006,.T.);
#1381=ORIENTED_EDGE('',*,*,#1072,.T.);
#1382=ORIENTED_EDGE('',*,*,#981,.F.);
#1383=ORIENTED_EDGE('',*,*,#1073,.F.);
#1384=ORIENTED_EDGE('',*,*,#1074,.F.);
#1385=ORIENTED_EDGE('',*,*,#1062,.T.);
#1386=ORIENTED_EDGE('',*,*,#1075,.F.);
#1387=ORIENTED_EDGE('',*,*,#1076,.T.);
#1388=ORIENTED_EDGE('',*,*,#1009,.T.);
#1389=ORIENTED_EDGE('',*,*,#1011,.T.);
#1390=ORIENTED_EDGE('',*,*,#999,.T.);
#1391=ORIENTED_EDGE('',*,*,#1003,.T.);
#1392=ORIENTED_EDGE('',*,*,#1074,.T.);
#1393=ORIENTED_EDGE('',*,*,#1077,.F.);
#1394=ORIENTED_EDGE('',*,*,#1047,.F.);
#1395=ORIENTED_EDGE('',*,*,#1063,.T.);
#1396=ORIENTED_EDGE('',*,*,#1067,.T.);
#1397=ORIENTED_EDGE('',*,*,#1078,.F.);
#1398=ORIENTED_EDGE('',*,*,#1070,.F.);
#1399=ORIENTED_EDGE('',*,*,#1059,.F.);
#1400=ORIENTED_EDGE('',*,*,#1053,.T.);
#1401=ORIENTED_EDGE('',*,*,#1048,.F.);
#1402=ORIENTED_EDGE('',*,*,#1077,.T.);
#1403=ORIENTED_EDGE('',*,*,#1073,.T.);
#1404=ORIENTED_EDGE('',*,*,#980,.F.);
#1405=ORIENTED_EDGE('',*,*,#1071,.F.);
#1406=ORIENTED_EDGE('',*,*,#1078,.T.);
#1407=ORIENTED_EDGE('',*,*,#1066,.T.);
#1408=ORIENTED_EDGE('',*,*,#984,.F.);
#1409=ORIENTED_EDGE('',*,*,#1043,.F.);
#1410=ORIENTED_EDGE('',*,*,#1079,.F.);
#1411=ORIENTED_EDGE('',*,*,#1080,.F.);
#1412=ORIENTED_EDGE('',*,*,#1081,.T.);
#1413=ORIENTED_EDGE('',*,*,#1082,.T.);
#1414=ORIENTED_EDGE('',*,*,#1075,.T.);
#1415=ORIENTED_EDGE('',*,*,#1061,.T.);
#1416=ORIENTED_EDGE('',*,*,#1069,.F.);
#1417=ORIENTED_EDGE('',*,*,#978,.T.);
#1418=ORIENTED_EDGE('',*,*,#1083,.F.);
#1419=ORIENTED_EDGE('',*,*,#1084,.T.);
#1420=ORIENTED_EDGE('',*,*,#1085,.F.);
#1421=ORIENTED_EDGE('',*,*,#1084,.F.);
#1422=ORIENTED_EDGE('',*,*,#1086,.F.);
#1423=ORIENTED_EDGE('',*,*,#1087,.F.);
#1424=ORIENTED_EDGE('',*,*,#1088,.T.);
#1425=ORIENTED_EDGE('',*,*,#990,.F.);
#1426=ORIENTED_EDGE('',*,*,#1089,.F.);
#1427=ORIENTED_EDGE('',*,*,#1090,.F.);
#1428=ORIENTED_EDGE('',*,*,#1086,.T.);
#1429=ORIENTED_EDGE('',*,*,#989,.F.);
#1430=ORIENTED_EDGE('',*,*,#1091,.F.);
#1431=ORIENTED_EDGE('',*,*,#1092,.F.);
#1432=ORIENTED_EDGE('',*,*,#1089,.T.);
#1433=ORIENTED_EDGE('',*,*,#992,.F.);
#1434=ORIENTED_EDGE('',*,*,#1088,.F.);
#1435=ORIENTED_EDGE('',*,*,#1093,.F.);
#1436=ORIENTED_EDGE('',*,*,#1091,.T.);
#1437=ORIENTED_EDGE('',*,*,#991,.F.);
#1438=ORIENTED_EDGE('',*,*,#1094,.F.);
#1439=ORIENTED_EDGE('',*,*,#1095,.T.);
#1440=ORIENTED_EDGE('',*,*,#1096,.T.);
#1441=ORIENTED_EDGE('',*,*,#1095,.F.);
#1442=ORIENTED_EDGE('',*,*,#1097,.F.);
#1443=ORIENTED_EDGE('',*,*,#1098,.T.);
#1444=ORIENTED_EDGE('',*,*,#1099,.T.);
#1445=ORIENTED_EDGE('',*,*,#1098,.F.);
#1446=ORIENTED_EDGE('',*,*,#1100,.F.);
#1447=ORIENTED_EDGE('',*,*,#1101,.T.);
#1448=ORIENTED_EDGE('',*,*,#1102,.T.);
#1449=ORIENTED_EDGE('',*,*,#1101,.F.);
#1450=ORIENTED_EDGE('',*,*,#1103,.F.);
#1451=ORIENTED_EDGE('',*,*,#1104,.T.);
#1452=ORIENTED_EDGE('',*,*,#1105,.T.);
#1453=ORIENTED_EDGE('',*,*,#1104,.F.);
#1454=ORIENTED_EDGE('',*,*,#1106,.F.);
#1455=ORIENTED_EDGE('',*,*,#1044,.F.);
#1456=ORIENTED_EDGE('',*,*,#982,.T.);
#1457=ORIENTED_EDGE('',*,*,#1072,.F.);
#1458=ORIENTED_EDGE('',*,*,#993,.F.);
#1459=ORIENTED_EDGE('',*,*,#1092,.T.);
#1460=ORIENTED_EDGE('',*,*,#1093,.T.);
#1461=ORIENTED_EDGE('',*,*,#1087,.T.);
#1462=ORIENTED_EDGE('',*,*,#1090,.T.);
#1463=ORIENTED_EDGE('',*,*,#1085,.T.);
#1464=ORIENTED_EDGE('',*,*,#1105,.F.);
#1465=ORIENTED_EDGE('',*,*,#1102,.F.);
#1466=ORIENTED_EDGE('',*,*,#1099,.F.);
#1467=ORIENTED_EDGE('',*,*,#1096,.F.);
#1468=ORIENTED_EDGE('',*,*,#1107,.T.);
#1469=ORIENTED_EDGE('',*,*,#1108,.T.);
#1470=ORIENTED_EDGE('',*,*,#1109,.F.);
#1471=ORIENTED_EDGE('',*,*,#1110,.F.);
#1472=ORIENTED_EDGE('',*,*,#1111,.F.);
#1473=ORIENTED_EDGE('',*,*,#1064,.F.);
#1474=ORIENTED_EDGE('',*,*,#1045,.F.);
#1475=ORIENTED_EDGE('',*,*,#1106,.T.);
#1476=ORIENTED_EDGE('',*,*,#996,.F.);
#1477=ORIENTED_EDGE('',*,*,#1076,.F.);
#1478=ORIENTED_EDGE('',*,*,#1082,.F.);
#1479=ORIENTED_EDGE('',*,*,#1094,.T.);
#1480=ORIENTED_EDGE('',*,*,#1097,.T.);
#1481=ORIENTED_EDGE('',*,*,#1100,.T.);
#1482=ORIENTED_EDGE('',*,*,#1103,.T.);
#1483=ORIENTED_EDGE('',*,*,#1083,.T.);
#1484=ORIENTED_EDGE('',*,*,#1065,.T.);
#1485=ORIENTED_EDGE('',*,*,#1111,.T.);
#1486=ORIENTED_EDGE('',*,*,#1112,.F.);
#1487=ORIENTED_EDGE('',*,*,#987,.F.);
#1488=ORIENTED_EDGE('',*,*,#1113,.T.);
#1489=ORIENTED_EDGE('',*,*,#1056,.F.);
#1490=ORIENTED_EDGE('',*,*,#972,.T.);
#1491=ORIENTED_EDGE('',*,*,#1110,.T.);
#1492=ORIENTED_EDGE('',*,*,#1114,.F.);
#1493=ORIENTED_EDGE('',*,*,#988,.F.);
#1494=ORIENTED_EDGE('',*,*,#1112,.T.);
#1495=ORIENTED_EDGE('',*,*,#1115,.T.);
#1496=ORIENTED_EDGE('',*,*,#1116,.T.);
#1497=ORIENTED_EDGE('',*,*,#1117,.T.);
#1498=ORIENTED_EDGE('',*,*,#1107,.F.);
#1499=ORIENTED_EDGE('',*,*,#1081,.F.);
#1500=ORIENTED_EDGE('',*,*,#977,.T.);
#1501=ORIENTED_EDGE('',*,*,#1118,.T.);
#1502=ORIENTED_EDGE('',*,*,#1119,.T.);
#1503=ORIENTED_EDGE('',*,*,#1120,.F.);
#1504=ORIENTED_EDGE('',*,*,#1121,.F.);
#1505=ORIENTED_EDGE('',*,*,#1122,.T.);
#1506=ORIENTED_EDGE('',*,*,#1123,.F.);
#1507=ORIENTED_EDGE('',*,*,#1124,.F.);
#1508=ORIENTED_EDGE('',*,*,#1116,.F.);
#1509=ORIENTED_EDGE('',*,*,#1125,.T.);
#1510=ORIENTED_EDGE('',*,*,#1126,.T.);
#1511=ORIENTED_EDGE('',*,*,#1127,.F.);
#1512=ORIENTED_EDGE('',*,*,#1128,.F.);
#1513=ORIENTED_EDGE('',*,*,#1129,.F.);
#1514=ORIENTED_EDGE('',*,*,#1121,.T.);
#1515=ORIENTED_EDGE('',*,*,#1130,.F.);
#1516=ORIENTED_EDGE('',*,*,#1126,.F.);
#1517=ORIENTED_EDGE('',*,*,#1131,.F.);
#1518=ORIENTED_EDGE('',*,*,#1132,.T.);
#1519=ORIENTED_EDGE('',*,*,#1133,.T.);
#1520=ORIENTED_EDGE('',*,*,#1132,.F.);
#1521=ORIENTED_EDGE('',*,*,#1134,.F.);
#1522=ORIENTED_EDGE('',*,*,#1135,.T.);
#1523=ORIENTED_EDGE('',*,*,#1136,.T.);
#1524=ORIENTED_EDGE('',*,*,#1135,.F.);
#1525=ORIENTED_EDGE('',*,*,#1137,.F.);
#1526=ORIENTED_EDGE('',*,*,#1138,.T.);
#1527=ORIENTED_EDGE('',*,*,#1139,.T.);
#1528=ORIENTED_EDGE('',*,*,#1138,.F.);
#1529=ORIENTED_EDGE('',*,*,#1140,.F.);
#1530=ORIENTED_EDGE('',*,*,#1141,.T.);
#1531=ORIENTED_EDGE('',*,*,#1142,.T.);
#1532=ORIENTED_EDGE('',*,*,#1141,.F.);
#1533=ORIENTED_EDGE('',*,*,#1124,.T.);
#1534=ORIENTED_EDGE('',*,*,#1143,.F.);
#1535=ORIENTED_EDGE('',*,*,#1119,.F.);
#1536=ORIENTED_EDGE('',*,*,#1144,.F.);
#1537=ORIENTED_EDGE('',*,*,#1108,.F.);
#1538=ORIENTED_EDGE('',*,*,#1117,.F.);
#1539=ORIENTED_EDGE('',*,*,#1133,.F.);
#1540=ORIENTED_EDGE('',*,*,#974,.F.);
#1541=ORIENTED_EDGE('',*,*,#1057,.F.);
#1542=ORIENTED_EDGE('',*,*,#1113,.F.);
#1543=ORIENTED_EDGE('',*,*,#986,.F.);
#1544=ORIENTED_EDGE('',*,*,#1068,.T.);
#1545=ORIENTED_EDGE('',*,*,#1051,.F.);
#1546=ORIENTED_EDGE('',*,*,#1080,.T.);
#1547=ORIENTED_EDGE('',*,*,#1145,.F.);
#1548=ORIENTED_EDGE('',*,*,#1146,.T.);
#1549=ORIENTED_EDGE('',*,*,#1147,.F.);
#1550=ORIENTED_EDGE('',*,*,#1148,.F.);
#1551=ORIENTED_EDGE('',*,*,#1149,.F.);
#1552=ORIENTED_EDGE('',*,*,#1150,.F.);
#1553=ORIENTED_EDGE('',*,*,#1151,.F.);
#1554=ORIENTED_EDGE('',*,*,#1152,.F.);
#1555=ORIENTED_EDGE('',*,*,#1153,.T.);
#1556=ORIENTED_EDGE('',*,*,#1154,.T.);
#1557=ORIENTED_EDGE('',*,*,#1155,.T.);
#1558=ORIENTED_EDGE('',*,*,#1156,.T.);
#1559=ORIENTED_EDGE('',*,*,#1157,.T.);
#1560=ORIENTED_EDGE('',*,*,#1158,.T.);
#1561=ORIENTED_EDGE('',*,*,#1159,.T.);
#1562=ORIENTED_EDGE('',*,*,#1149,.T.);
#1563=ORIENTED_EDGE('',*,*,#1160,.T.);
#1564=ORIENTED_EDGE('',*,*,#1161,.T.);
#1565=ORIENTED_EDGE('',*,*,#1162,.T.);
#1566=ORIENTED_EDGE('',*,*,#1145,.T.);
#1567=ORIENTED_EDGE('',*,*,#1079,.T.);
#1568=ORIENTED_EDGE('',*,*,#1042,.F.);
#1569=ORIENTED_EDGE('',*,*,#1163,.T.);
#1570=ORIENTED_EDGE('',*,*,#1164,.T.);
#1571=ORIENTED_EDGE('',*,*,#1165,.T.);
#1572=ORIENTED_EDGE('',*,*,#1166,.T.);
#1573=ORIENTED_EDGE('',*,*,#1167,.T.);
#1574=ORIENTED_EDGE('',*,*,#1168,.F.);
#1575=ORIENTED_EDGE('',*,*,#1169,.T.);
#1576=ORIENTED_EDGE('',*,*,#1170,.T.);
#1577=ORIENTED_EDGE('',*,*,#1169,.F.);
#1578=ORIENTED_EDGE('',*,*,#1171,.T.);
#1579=ORIENTED_EDGE('',*,*,#1172,.T.);
#1580=ORIENTED_EDGE('',*,*,#1173,.F.);
#1581=ORIENTED_EDGE('',*,*,#1174,.F.);
#1582=ORIENTED_EDGE('',*,*,#1175,.T.);
#1583=ORIENTED_EDGE('',*,*,#1176,.T.);
#1584=ORIENTED_EDGE('',*,*,#1177,.F.);
#1585=ORIENTED_EDGE('',*,*,#1178,.F.);
#1586=ORIENTED_EDGE('',*,*,#1179,.T.);
#1587=ORIENTED_EDGE('',*,*,#1177,.T.);
#1588=ORIENTED_EDGE('',*,*,#1180,.T.);
#1589=ORIENTED_EDGE('',*,*,#1147,.T.);
#1590=ORIENTED_EDGE('',*,*,#1181,.T.);
#1591=ORIENTED_EDGE('',*,*,#1173,.T.);
#1592=ORIENTED_EDGE('',*,*,#1182,.T.);
#1593=ORIENTED_EDGE('',*,*,#1183,.T.);
#1594=ORIENTED_EDGE('',*,*,#1168,.T.);
#1595=ORIENTED_EDGE('',*,*,#1184,.T.);
#1596=ORIENTED_EDGE('',*,*,#1185,.F.);
#1597=ORIENTED_EDGE('',*,*,#1171,.F.);
#1598=ORIENTED_EDGE('',*,*,#1186,.F.);
#1599=ORIENTED_EDGE('',*,*,#1187,.T.);
#1600=ORIENTED_EDGE('',*,*,#1188,.F.);
#1601=ORIENTED_EDGE('',*,*,#1175,.F.);
#1602=ORIENTED_EDGE('',*,*,#1189,.F.);
#1603=ORIENTED_EDGE('',*,*,#1170,.F.);
#1604=ORIENTED_EDGE('',*,*,#1161,.F.);
#1605=ORIENTED_EDGE('',*,*,#1190,.T.);
#1606=ORIENTED_EDGE('',*,*,#1187,.F.);
#1607=ORIENTED_EDGE('',*,*,#1191,.F.);
#1608=ORIENTED_EDGE('',*,*,#1162,.F.);
#1609=ORIENTED_EDGE('',*,*,#1191,.T.);
#1610=ORIENTED_EDGE('',*,*,#1186,.T.);
#1611=ORIENTED_EDGE('',*,*,#1174,.T.);
#1612=ORIENTED_EDGE('',*,*,#1181,.F.);
#1613=ORIENTED_EDGE('',*,*,#1146,.F.);
#1614=ORIENTED_EDGE('',*,*,#1160,.F.);
#1615=ORIENTED_EDGE('',*,*,#1148,.T.);
#1616=ORIENTED_EDGE('',*,*,#1180,.F.);
#1617=ORIENTED_EDGE('',*,*,#1176,.F.);
#1618=ORIENTED_EDGE('',*,*,#1188,.T.);
#1619=ORIENTED_EDGE('',*,*,#1190,.F.);
#1620=ORIENTED_EDGE('',*,*,#1157,.F.);
#1621=ORIENTED_EDGE('',*,*,#1192,.T.);
#1622=ORIENTED_EDGE('',*,*,#1189,.T.);
#1623=ORIENTED_EDGE('',*,*,#1178,.T.);
#1624=ORIENTED_EDGE('',*,*,#1179,.F.);
#1625=ORIENTED_EDGE('',*,*,#1193,.F.);
#1626=ORIENTED_EDGE('',*,*,#1155,.F.);
#1627=ORIENTED_EDGE('',*,*,#1194,.T.);
#1628=ORIENTED_EDGE('',*,*,#1182,.F.);
#1629=ORIENTED_EDGE('',*,*,#1172,.F.);
#1630=ORIENTED_EDGE('',*,*,#1185,.T.);
#1631=ORIENTED_EDGE('',*,*,#1195,.F.);
#1632=ORIENTED_EDGE('',*,*,#1156,.F.);
#1633=ORIENTED_EDGE('',*,*,#1195,.T.);
#1634=ORIENTED_EDGE('',*,*,#1184,.F.);
#1635=ORIENTED_EDGE('',*,*,#1192,.F.);
#1636=ORIENTED_EDGE('',*,*,#1163,.F.);
#1637=ORIENTED_EDGE('',*,*,#1196,.T.);
#1638=ORIENTED_EDGE('',*,*,#1197,.F.);
#1639=ORIENTED_EDGE('',*,*,#1196,.F.);
#1640=ORIENTED_EDGE('',*,*,#1198,.T.);
#1641=ORIENTED_EDGE('',*,*,#1151,.T.);
#1642=ORIENTED_EDGE('',*,*,#1199,.T.);
#1643=ORIENTED_EDGE('',*,*,#1034,.T.);
#1644=ORIENTED_EDGE('',*,*,#1200,.T.);
#1645=ORIENTED_EDGE('',*,*,#1201,.T.);
#1646=ORIENTED_EDGE('',*,*,#1202,.T.);
#1647=ORIENTED_EDGE('',*,*,#1203,.T.);
#1648=ORIENTED_EDGE('',*,*,#1204,.T.);
#1649=ORIENTED_EDGE('',*,*,#1205,.T.);
#1650=ORIENTED_EDGE('',*,*,#1206,.F.);
#1651=ORIENTED_EDGE('',*,*,#1207,.F.);
#1652=ORIENTED_EDGE('',*,*,#1208,.T.);
#1653=ORIENTED_EDGE('',*,*,#1203,.F.);
#1654=ORIENTED_EDGE('',*,*,#1209,.F.);
#1655=ORIENTED_EDGE('',*,*,#1210,.F.);
#1656=ORIENTED_EDGE('',*,*,#1206,.T.);
#1657=ORIENTED_EDGE('',*,*,#1202,.F.);
#1658=ORIENTED_EDGE('',*,*,#1211,.T.);
#1659=ORIENTED_EDGE('',*,*,#1158,.F.);
#1660=ORIENTED_EDGE('',*,*,#1193,.T.);
#1661=ORIENTED_EDGE('',*,*,#1183,.F.);
#1662=ORIENTED_EDGE('',*,*,#1194,.F.);
#1663=ORIENTED_EDGE('',*,*,#1154,.F.);
#1664=ORIENTED_EDGE('',*,*,#1212,.F.);
#1665=ORIENTED_EDGE('',*,*,#1201,.F.);
#1666=ORIENTED_EDGE('',*,*,#1029,.T.);
#1667=ORIENTED_EDGE('',*,*,#1199,.F.);
#1668=ORIENTED_EDGE('',*,*,#1150,.T.);
#1669=ORIENTED_EDGE('',*,*,#1159,.F.);
#1670=ORIENTED_EDGE('',*,*,#1211,.F.);
#1671=ORIENTED_EDGE('',*,*,#1200,.F.);
#1672=ORIENTED_EDGE('',*,*,#1040,.T.);
#1673=ORIENTED_EDGE('',*,*,#1041,.T.);
#1674=ORIENTED_EDGE('',*,*,#1213,.F.);
#1675=ORIENTED_EDGE('',*,*,#1214,.F.);
#1676=ORIENTED_EDGE('',*,*,#1209,.T.);
#1677=ORIENTED_EDGE('',*,*,#1205,.F.);
#1678=ORIENTED_EDGE('',*,*,#1208,.F.);
#1679=ORIENTED_EDGE('',*,*,#1215,.F.);
#1680=ORIENTED_EDGE('',*,*,#1213,.T.);
#1681=ORIENTED_EDGE('',*,*,#1204,.F.);
#1682=ORIENTED_EDGE('',*,*,#1167,.F.);
#1683=ORIENTED_EDGE('',*,*,#1216,.T.);
#1684=ORIENTED_EDGE('',*,*,#1217,.T.);
#1685=ORIENTED_EDGE('',*,*,#1216,.F.);
#1686=ORIENTED_EDGE('',*,*,#1166,.F.);
#1687=ORIENTED_EDGE('',*,*,#1218,.T.);
#1688=ORIENTED_EDGE('',*,*,#1219,.T.);
#1689=ORIENTED_EDGE('',*,*,#1218,.F.);
#1690=ORIENTED_EDGE('',*,*,#1165,.F.);
#1691=ORIENTED_EDGE('',*,*,#1220,.T.);
#1692=ORIENTED_EDGE('',*,*,#1221,.T.);
#1693=ORIENTED_EDGE('',*,*,#1220,.F.);
#1694=ORIENTED_EDGE('',*,*,#1164,.F.);
#1695=ORIENTED_EDGE('',*,*,#1222,.T.);
#1696=ORIENTED_EDGE('',*,*,#1223,.T.);
#1697=ORIENTED_EDGE('',*,*,#1222,.F.);
#1698=ORIENTED_EDGE('',*,*,#1052,.T.);
#1699=ORIENTED_EDGE('',*,*,#1152,.T.);
#1700=ORIENTED_EDGE('',*,*,#1198,.F.);
#1701=ORIENTED_EDGE('',*,*,#1212,.T.);
#1702=ORIENTED_EDGE('',*,*,#1153,.F.);
#1703=ORIENTED_EDGE('',*,*,#1050,.T.);
#1704=ORIENTED_EDGE('',*,*,#1214,.T.);
#1705=ORIENTED_EDGE('',*,*,#1215,.T.);
#1706=ORIENTED_EDGE('',*,*,#1207,.T.);
#1707=ORIENTED_EDGE('',*,*,#1210,.T.);
#1708=ORIENTED_EDGE('',*,*,#1197,.T.);
#1709=ORIENTED_EDGE('',*,*,#1223,.F.);
#1710=ORIENTED_EDGE('',*,*,#1221,.F.);
#1711=ORIENTED_EDGE('',*,*,#1219,.F.);
#1712=ORIENTED_EDGE('',*,*,#1217,.F.);
#1713=ORIENTED_EDGE('',*,*,#1224,.T.);
#1714=ORIENTED_EDGE('',*,*,#1225,.T.);
#1715=ORIENTED_EDGE('',*,*,#1226,.T.);
#1716=ORIENTED_EDGE('',*,*,#1127,.T.);
#1717=ORIENTED_EDGE('',*,*,#1130,.T.);
#1718=ORIENTED_EDGE('',*,*,#1120,.T.);
#1719=ORIENTED_EDGE('',*,*,#1143,.T.);
#1720=ORIENTED_EDGE('',*,*,#1123,.T.);
#1721=ORIENTED_EDGE('',*,*,#1140,.T.);
#1722=ORIENTED_EDGE('',*,*,#1137,.T.);
#1723=ORIENTED_EDGE('',*,*,#1134,.T.);
#1724=ORIENTED_EDGE('',*,*,#1131,.T.);
#1725=ORIENTED_EDGE('',*,*,#1227,.F.);
#1726=ORIENTED_EDGE('',*,*,#1228,.T.);
#1727=ORIENTED_EDGE('',*,*,#1224,.F.);
#1728=ORIENTED_EDGE('',*,*,#1122,.F.);
#1729=ORIENTED_EDGE('',*,*,#1115,.F.);
#1730=ORIENTED_EDGE('',*,*,#976,.F.);
#1731=ORIENTED_EDGE('',*,*,#975,.T.);
#1732=ORIENTED_EDGE('',*,*,#1114,.T.);
#1733=ORIENTED_EDGE('',*,*,#1109,.T.);
#1734=ORIENTED_EDGE('',*,*,#1144,.T.);
#1735=ORIENTED_EDGE('',*,*,#1118,.F.);
#1736=ORIENTED_EDGE('',*,*,#1129,.T.);
#1737=ORIENTED_EDGE('',*,*,#1125,.F.);
#1738=ORIENTED_EDGE('',*,*,#1229,.T.);
#1739=ORIENTED_EDGE('',*,*,#1230,.F.);
#1740=ORIENTED_EDGE('',*,*,#1227,.T.);
#1741=ORIENTED_EDGE('',*,*,#1142,.F.);
#1742=ORIENTED_EDGE('',*,*,#1139,.F.);
#1743=ORIENTED_EDGE('',*,*,#1136,.F.);
#1744=ORIENTED_EDGE('',*,*,#1226,.F.);
#1745=ORIENTED_EDGE('',*,*,#1231,.F.);
#1746=ORIENTED_EDGE('',*,*,#1229,.F.);
#1747=ORIENTED_EDGE('',*,*,#1128,.T.);
#1748=ORIENTED_EDGE('',*,*,#1230,.T.);
#1749=ORIENTED_EDGE('',*,*,#1231,.T.);
#1750=ORIENTED_EDGE('',*,*,#1225,.F.);
#1751=ORIENTED_EDGE('',*,*,#1228,.F.);
#1752=CYLINDRICAL_SURFACE('',#1879,3.99999999999999);
#1753=CYLINDRICAL_SURFACE('',#1897,4.);
#1754=CYLINDRICAL_SURFACE('',#1905,12.);
#1755=CYLINDRICAL_SURFACE('',#1916,12.);
#1756=CYLINDRICAL_SURFACE('',#1923,1.2295);
#1757=CYLINDRICAL_SURFACE('',#1926,1.2295);
#1758=CYLINDRICAL_SURFACE('',#1929,1.2295);
#1759=CYLINDRICAL_SURFACE('',#1932,1.2295);
#1760=CYLINDRICAL_SURFACE('',#1942,10.);
#1761=CYLINDRICAL_SURFACE('',#1945,9.99999999999991);
#1762=CYLINDRICAL_SURFACE('',#1947,7.99999999999998);
#1763=CYLINDRICAL_SURFACE('',#1951,4.1);
#1764=CYLINDRICAL_SURFACE('',#1954,4.1);
#1765=CYLINDRICAL_SURFACE('',#1957,4.1);
#1766=CYLINDRICAL_SURFACE('',#1960,4.1);
#1767=CYLINDRICAL_SURFACE('',#1973,11.1);
#1768=CYLINDRICAL_SURFACE('',#1976,13.1);
#1769=CYLINDRICAL_SURFACE('',#1979,13.1);
#1770=CYLINDRICAL_SURFACE('',#1990,12.);
#1771=CYLINDRICAL_SURFACE('',#1999,1.2295);
#1772=CYLINDRICAL_SURFACE('',#2001,1.2295);
#1773=CYLINDRICAL_SURFACE('',#2003,1.2295);
#1774=CYLINDRICAL_SURFACE('',#2005,1.2295);
#1775=CYLINDRICAL_SURFACE('',#2015,7.9999999999999);
#1776=ADVANCED_FACE('',(#115),#1752,.F.);
#1777=ADVANCED_FACE('',(#116,#15),#50,.T.);
#1778=ADVANCED_FACE('',(#117),#51,.F.);
#1779=ADVANCED_FACE('',(#118),#52,.F.);
#1780=ADVANCED_FACE('',(#119),#53,.F.);
#1781=ADVANCED_FACE('',(#120),#54,.F.);
#1782=ADVANCED_FACE('',(#121),#55,.F.);
#1783=ADVANCED_FACE('',(#122),#56,.F.);
#1784=ADVANCED_FACE('',(#123),#57,.T.);
#1785=ADVANCED_FACE('',(#124),#58,.T.);
#1786=ADVANCED_FACE('',(#125),#59,.T.);
#1787=ADVANCED_FACE('',(#126),#60,.T.);
#1788=ADVANCED_FACE('',(#127,#16),#61,.T.);
#1789=ADVANCED_FACE('',(#128),#62,.T.);
#1790=ADVANCED_FACE('',(#129),#63,.T.);
#1791=ADVANCED_FACE('',(#130),#1753,.T.);
#1792=ADVANCED_FACE('',(#131),#64,.T.);
#1793=ADVANCED_FACE('',(#132),#65,.T.);
#1794=ADVANCED_FACE('',(#133),#66,.T.);
#1795=ADVANCED_FACE('',(#134),#67,.T.);
#1796=ADVANCED_FACE('',(#135),#68,.T.);
#1797=ADVANCED_FACE('',(#136),#69,.T.);
#1798=ADVANCED_FACE('',(#137),#1754,.T.);
#1799=ADVANCED_FACE('',(#138),#70,.T.);
#1800=ADVANCED_FACE('',(#139),#71,.F.);
#1801=ADVANCED_FACE('',(#140,#17),#72,.T.);
#1802=ADVANCED_FACE('',(#141),#73,.T.);
#1803=ADVANCED_FACE('',(#142),#74,.T.);
#1804=ADVANCED_FACE('',(#143),#75,.T.);
#1805=ADVANCED_FACE('',(#144),#76,.T.);
#1806=ADVANCED_FACE('',(#145),#77,.T.);
#1807=ADVANCED_FACE('',(#146),#1755,.F.);
#1808=ADVANCED_FACE('',(#147),#78,.T.);
#1809=ADVANCED_FACE('',(#148),#79,.T.);
#1810=ADVANCED_FACE('',(#149),#80,.T.);
#1811=ADVANCED_FACE('',(#150),#81,.T.);
#1812=ADVANCED_FACE('',(#151),#1756,.F.);
#1813=ADVANCED_FACE('',(#152),#1757,.F.);
#1814=ADVANCED_FACE('',(#153),#1758,.F.);
#1815=ADVANCED_FACE('',(#154),#1759,.F.);
#1816=ADVANCED_FACE('',(#155),#82,.T.);
#1817=ADVANCED_FACE('',(#156,#18,#19,#20,#21,#22),#83,.F.);
#1818=ADVANCED_FACE('',(#157,#23,#24,#25,#26,#27),#84,.T.);
#1819=ADVANCED_FACE('',(#158,#28),#85,.T.);
#1820=ADVANCED_FACE('',(#159),#86,.T.);
#1821=ADVANCED_FACE('',(#160),#87,.T.);
#1822=ADVANCED_FACE('',(#161),#1760,.T.);
#1823=ADVANCED_FACE('',(#162),#1761,.T.);
#1824=ADVANCED_FACE('',(#163),#1762,.T.);
#1825=ADVANCED_FACE('',(#164),#88,.T.);
#1826=ADVANCED_FACE('',(#165),#1763,.F.);
#1827=ADVANCED_FACE('',(#166),#1764,.F.);
#1828=ADVANCED_FACE('',(#167),#1765,.F.);
#1829=ADVANCED_FACE('',(#168),#1766,.F.);
#1830=ADVANCED_FACE('',(#169),#89,.T.);
#1831=ADVANCED_FACE('',(#170,#29),#90,.T.);
#1832=ADVANCED_FACE('',(#171),#91,.T.);
#1833=ADVANCED_FACE('',(#172),#92,.T.);
#1834=ADVANCED_FACE('',(#173,#30,#31,#32,#33,#34),#93,.T.);
#1835=ADVANCED_FACE('',(#174),#1767,.F.);
#1836=ADVANCED_FACE('',(#175),#1768,.T.);
#1837=ADVANCED_FACE('',(#176),#1769,.T.);
#1838=ADVANCED_FACE('',(#177,#35),#94,.T.);
#1839=ADVANCED_FACE('',(#178,#36),#95,.F.);
#1840=ADVANCED_FACE('',(#179),#96,.T.);
#1841=ADVANCED_FACE('',(#180),#97,.T.);
#1842=ADVANCED_FACE('',(#181),#98,.T.);
#1843=ADVANCED_FACE('',(#182),#99,.T.);
#1844=ADVANCED_FACE('',(#183),#100,.T.);
#1845=ADVANCED_FACE('',(#184),#101,.T.);
#1846=ADVANCED_FACE('',(#185),#1770,.F.);
#1847=ADVANCED_FACE('',(#186,#37),#102,.T.);
#1848=ADVANCED_FACE('',(#187),#103,.T.);
#1849=ADVANCED_FACE('',(#188),#104,.T.);
#1850=ADVANCED_FACE('',(#189),#105,.T.);
#1851=ADVANCED_FACE('',(#190),#106,.T.);
#1852=ADVANCED_FACE('',(#191),#107,.T.);
#1853=ADVANCED_FACE('',(#192),#108,.T.);
#1854=ADVANCED_FACE('',(#193),#1771,.F.);
#1855=ADVANCED_FACE('',(#194),#1772,.F.);
#1856=ADVANCED_FACE('',(#195),#1773,.F.);
#1857=ADVANCED_FACE('',(#196),#1774,.F.);
#1858=ADVANCED_FACE('',(#197),#109,.T.);
#1859=ADVANCED_FACE('',(#198,#38,#39,#40,#41,#42),#110,.F.);
#1860=ADVANCED_FACE('',(#199,#43,#44,#45,#46),#111,.T.);
#1861=ADVANCED_FACE('',(#200),#112,.T.);
#1862=ADVANCED_FACE('',(#201,#47,#48,#49),#113,.F.);
#1863=ADVANCED_FACE('',(#202),#114,.T.);
#1864=ADVANCED_FACE('',(#203),#1775,.T.);
#1865=CLOSED_SHELL('',(#1776,#1777,#1778,#1779,#1780,#1781,#1782,#1783,
#1784,#1785,#1786,#1787,#1788,#1789,#1790,#1791,#1792,#1793,#1794,#1795,
#1796,#1797,#1798,#1799,#1800,#1801,#1802,#1803,#1804,#1805,#1806,#1807,
#1808,#1809,#1810,#1811,#1812,#1813,#1814,#1815,#1816,#1817,#1818,#1819,
#1820,#1821,#1822,#1823,#1824,#1825,#1826,#1827,#1828,#1829,#1830,#1831,
#1832,#1833,#1834,#1835,#1836,#1837,#1838,#1839,#1840,#1841,#1842,#1843,
#1844,#1845,#1846,#1847,#1848,#1849,#1850,#1851,#1852,#1853,#1854,#1855,
#1856,#1857,#1858,#1859,#1860,#1861,#1862,#1863,#1864));
#1866=DERIVED_UNIT_ELEMENT(#1868,1.);
#1867=DERIVED_UNIT_ELEMENT(#3031,-3.);
#1868=(
MASS_UNIT()
NAMED_UNIT(*)
SI_UNIT(.KILO.,.GRAM.)
);
#1869=DERIVED_UNIT((#1866,#1867));
#1870=MEASURE_REPRESENTATION_ITEM('density measure',
POSITIVE_RATIO_MEASURE(7850.),#1869);
#1871=PROPERTY_DEFINITION_REPRESENTATION(#1876,#1873);
#1872=PROPERTY_DEFINITION_REPRESENTATION(#1877,#1874);
#1873=REPRESENTATION('material name',(#1875),#3028);
#1874=REPRESENTATION('density',(#1870),#3028);
#1875=DESCRIPTIVE_REPRESENTATION_ITEM('Steel','Steel');
#1876=PROPERTY_DEFINITION('material property','material name',#3038);
#1877=PROPERTY_DEFINITION('material property','density of part',#3038);
#1878=AXIS2_PLACEMENT_3D('',#2504,#2016,#2017);
#1879=AXIS2_PLACEMENT_3D('',#2505,#2018,#2019);
#1880=AXIS2_PLACEMENT_3D('',#2507,#2020,#2021);
#1881=AXIS2_PLACEMENT_3D('',#2510,#2023,#2024);
#1882=AXIS2_PLACEMENT_3D('',#2511,#2025,#2026);
#1883=AXIS2_PLACEMENT_3D('',#2548,#2045,#2046);
#1884=AXIS2_PLACEMENT_3D('',#2557,#2051,#2052);
#1885=AXIS2_PLACEMENT_3D('',#2566,#2057,#2058);
#1886=AXIS2_PLACEMENT_3D('',#2572,#2062,#2063);
#1887=AXIS2_PLACEMENT_3D('',#2577,#2067,#2068);
#1888=AXIS2_PLACEMENT_3D('',#2583,#2072,#2073);
#1889=AXIS2_PLACEMENT_3D('',#2586,#2076,#2077);
#1890=AXIS2_PLACEMENT_3D('',#2595,#2082,#2083);
#1891=AXIS2_PLACEMENT_3D('',#2601,#2087,#2088);
#1892=AXIS2_PLACEMENT_3D('',#2607,#2092,#2093);
#1893=AXIS2_PLACEMENT_3D('',#2610,#2096,#2097);
#1894=AXIS2_PLACEMENT_3D('',#2619,#2102,#2103);
#1895=AXIS2_PLACEMENT_3D('',#2627,#2107,#2108);
#1896=AXIS2_PLACEMENT_3D('',#2629,#2110,#2111);
#1897=AXIS2_PLACEMENT_3D('',#2633,#2114,#2115);
#1898=AXIS2_PLACEMENT_3D('',#2636,#2116,#2117);
#1899=AXIS2_PLACEMENT_3D('',#2639,#2120,#2121);
#1900=AXIS2_PLACEMENT_3D('',#2641,#2123,#2124);
#1901=AXIS2_PLACEMENT_3D('',#2645,#2127,#2128);
#1902=AXIS2_PLACEMENT_3D('',#2646,#2129,#2130);
#1903=AXIS2_PLACEMENT_3D('',#2648,#2132,#2133);
#1904=AXIS2_PLACEMENT_3D('',#2666,#2143,#2144);
#1905=AXIS2_PLACEMENT_3D('',#2672,#2148,#2149);
#1906=AXIS2_PLACEMENT_3D('',#2675,#2150,#2151);
#1907=AXIS2_PLACEMENT_3D('',#2679,#2153,#2154);
#1908=AXIS2_PLACEMENT_3D('',#2681,#2156,#2157);
#1909=AXIS2_PLACEMENT_3D('',#2696,#2166,#2167);
#1910=AXIS2_PLACEMENT_3D('',#2701,#2171,#2172);
#1911=AXIS2_PLACEMENT_3D('',#2706,#2176,#2177);
#1912=AXIS2_PLACEMENT_3D('',#2714,#2183,#2184);
#1913=AXIS2_PLACEMENT_3D('',#2716,#2186,#2187);
#1914=AXIS2_PLACEMENT_3D('',#2718,#2189,#2190);
#1915=AXIS2_PLACEMENT_3D('',#2722,#2193,#2194);
#1916=AXIS2_PLACEMENT_3D('',#2726,#2197,#2198);
#1917=AXIS2_PLACEMENT_3D('',#2728,#2199,#2200);
#1918=AXIS2_PLACEMENT_3D('',#2731,#2202,#2203);
#1919=AXIS2_PLACEMENT_3D('',#2732,#2204,#2205);
#1920=AXIS2_PLACEMENT_3D('',#2738,#2209,#2210);
#1921=AXIS2_PLACEMENT_3D('',#2742,#2213,#2214);
#1922=AXIS2_PLACEMENT_3D('',#2746,#2217,#2218);
#1923=AXIS2_PLACEMENT_3D('',#2748,#2220,#2221);
#1924=AXIS2_PLACEMENT_3D('',#2750,#2222,#2223);
#1925=AXIS2_PLACEMENT_3D('',#2753,#2225,#2226);
#1926=AXIS2_PLACEMENT_3D('',#2754,#2227,#2228);
#1927=AXIS2_PLACEMENT_3D('',#2756,#2229,#2230);
#1928=AXIS2_PLACEMENT_3D('',#2759,#2232,#2233);
#1929=AXIS2_PLACEMENT_3D('',#2760,#2234,#2235);
#1930=AXIS2_PLACEMENT_3D('',#2762,#2236,#2237);
#1931=AXIS2_PLACEMENT_3D('',#2765,#2239,#2240);
#1932=AXIS2_PLACEMENT_3D('',#2766,#2241,#2242);
#1933=AXIS2_PLACEMENT_3D('',#2768,#2243,#2244);
#1934=AXIS2_PLACEMENT_3D('',#2771,#2246,#2247);
#1935=AXIS2_PLACEMENT_3D('',#2772,#2248,#2249);
#1936=AXIS2_PLACEMENT_3D('',#2774,#2251,#2252);
#1937=AXIS2_PLACEMENT_3D('',#2775,#2253,#2254);
#1938=AXIS2_PLACEMENT_3D('',#2785,#2260,#2261);
#1939=AXIS2_PLACEMENT_3D('',#2788,#2264,#2265);
#1940=AXIS2_PLACEMENT_3D('',#2790,#2267,#2268);
#1941=AXIS2_PLACEMENT_3D('',#2794,#2270,#2271);
#1942=AXIS2_PLACEMENT_3D('',#2796,#2273,#2274);
#1943=AXIS2_PLACEMENT_3D('',#2799,#2275,#2276);
#1944=AXIS2_PLACEMENT_3D('',#2803,#2278,#2279);
#1945=AXIS2_PLACEMENT_3D('',#2805,#2281,#2282);
#1946=AXIS2_PLACEMENT_3D('',#2809,#2284,#2285);
#1947=AXIS2_PLACEMENT_3D('',#2811,#2287,#2288);
#1948=AXIS2_PLACEMENT_3D('',#2814,#2289,#2290);
#1949=AXIS2_PLACEMENT_3D('',#2818,#2292,#2293);
#1950=AXIS2_PLACEMENT_3D('',#2820,#2295,#2296);
#1951=AXIS2_PLACEMENT_3D('',#2823,#2299,#2300);
#1952=AXIS2_PLACEMENT_3D('',#2825,#2301,#2302);
#1953=AXIS2_PLACEMENT_3D('',#2828,#2304,#2305);
#1954=AXIS2_PLACEMENT_3D('',#2829,#2306,#2307);
#1955=AXIS2_PLACEMENT_3D('',#2831,#2308,#2309);
#1956=AXIS2_PLACEMENT_3D('',#2834,#2311,#2312);
#1957=AXIS2_PLACEMENT_3D('',#2835,#2313,#2314);
#1958=AXIS2_PLACEMENT_3D('',#2837,#2315,#2316);
#1959=AXIS2_PLACEMENT_3D('',#2840,#2318,#2319);
#1960=AXIS2_PLACEMENT_3D('',#2841,#2320,#2321);
#1961=AXIS2_PLACEMENT_3D('',#2843,#2322,#2323);
#1962=AXIS2_PLACEMENT_3D('',#2846,#2325,#2326);
#1963=AXIS2_PLACEMENT_3D('',#2847,#2327,#2328);
#1964=AXIS2_PLACEMENT_3D('',#2850,#2331,#2332);
#1965=AXIS2_PLACEMENT_3D('',#2851,#2333,#2334);
#1966=AXIS2_PLACEMENT_3D('',#2852,#2335,#2336);
#1967=AXIS2_PLACEMENT_3D('',#2868,#2345,#2346);
#1968=AXIS2_PLACEMENT_3D('',#2888,#2357,#2358);
#1969=AXIS2_PLACEMENT_3D('',#2890,#2359,#2360);
#1970=AXIS2_PLACEMENT_3D('',#2892,#2361,#2362);
#1971=AXIS2_PLACEMENT_3D('',#2894,#2363,#2364);
#1972=AXIS2_PLACEMENT_3D('',#2896,#2365,#2366);
#1973=AXIS2_PLACEMENT_3D('',#2897,#2367,#2368);
#1974=AXIS2_PLACEMENT_3D('',#2899,#2369,#2370);
#1975=AXIS2_PLACEMENT_3D('',#2902,#2372,#2373);
#1976=AXIS2_PLACEMENT_3D('',#2903,#2374,#2375);
#1977=AXIS2_PLACEMENT_3D('',#2906,#2376,#2377);
#1978=AXIS2_PLACEMENT_3D('',#2910,#2379,#2380);
#1979=AXIS2_PLACEMENT_3D('',#2912,#2382,#2383);
#1980=AXIS2_PLACEMENT_3D('',#2915,#2384,#2385);
#1981=AXIS2_PLACEMENT_3D('',#2919,#2387,#2388);
#1982=AXIS2_PLACEMENT_3D('',#2921,#2390,#2391);
#1983=AXIS2_PLACEMENT_3D('',#2929,#2397,#2398);
#1984=AXIS2_PLACEMENT_3D('',#2940,#2405,#2406);
#1985=AXIS2_PLACEMENT_3D('',#2943,#2409,#2410);
#1986=AXIS2_PLACEMENT_3D('',#2944,#2411,#2412);
#1987=AXIS2_PLACEMENT_3D('',#2945,#2413,#2414);
#1988=AXIS2_PLACEMENT_3D('',#2948,#2417,#2418);
#1989=AXIS2_PLACEMENT_3D('',#2951,#2421,#2422);
#1990=AXIS2_PLACEMENT_3D('',#2952,#2423,#2424);
#1991=AXIS2_PLACEMENT_3D('',#2955,#2426,#2427);
#1992=AXIS2_PLACEMENT_3D('',#2956,#2428,#2429);
#1993=AXIS2_PLACEMENT_3D('',#2971,#2438,#2439);
#1994=AXIS2_PLACEMENT_3D('',#2977,#2443,#2444);
#1995=AXIS2_PLACEMENT_3D('',#2981,#2447,#2448);
#1996=AXIS2_PLACEMENT_3D('',#2984,#2451,#2452);
#1997=AXIS2_PLACEMENT_3D('',#2985,#2453,#2454);
#1998=AXIS2_PLACEMENT_3D('',#2989,#2457,#2458);
#1999=AXIS2_PLACEMENT_3D('',#2991,#2460,#2461);
#2000=AXIS2_PLACEMENT_3D('',#2994,#2463,#2464);
#2001=AXIS2_PLACEMENT_3D('',#2995,#2465,#2466);
#2002=AXIS2_PLACEMENT_3D('',#2998,#2468,#2469);
#2003=AXIS2_PLACEMENT_3D('',#2999,#2470,#2471);
#2004=AXIS2_PLACEMENT_3D('',#3002,#2473,#2474);
#2005=AXIS2_PLACEMENT_3D('',#3003,#2475,#2476);
#2006=AXIS2_PLACEMENT_3D('',#3006,#2478,#2479);
#2007=AXIS2_PLACEMENT_3D('',#3007,#2480,#2481);
#2008=AXIS2_PLACEMENT_3D('',#3008,#2482,#2483);
#2009=AXIS2_PLACEMENT_3D('',#3009,#2484,#2485);
#2010=AXIS2_PLACEMENT_3D('',#3013,#2487,#2488);
#2011=AXIS2_PLACEMENT_3D('',#3015,#2490,#2491);
#2012=AXIS2_PLACEMENT_3D('',#3019,#2494,#2495);
#2013=AXIS2_PLACEMENT_3D('',#3022,#2497,#2498);
#2014=AXIS2_PLACEMENT_3D('',#3023,#2499,#2500);
#2015=AXIS2_PLACEMENT_3D('',#3025,#2502,#2503);
#2016=DIRECTION('axis',(0.,0.,1.));
#2017=DIRECTION('refdir',(1.,0.,0.));
#2018=DIRECTION('center_axis',(1.,0.,0.));
#2019=DIRECTION('ref_axis',(0.,-1.,0.));
#2020=DIRECTION('center_axis',(1.,1.96575575827207E-14,-1.9657557582721E-14));
#2021=DIRECTION('ref_axis',(0.,-1.,0.));
#2022=DIRECTION('',(1.,0.,0.));
#2023=DIRECTION('center_axis',(1.,1.96575575827205E-14,-1.96575575827212E-14));
#2024=DIRECTION('ref_axis',(0.,-1.,0.));
#2025=DIRECTION('center_axis',(0.,0.70710678118656,0.707106781186535));
#2026=DIRECTION('ref_axis',(1.,0.,0.));
#2027=DIRECTION('',(0.,-0.707106781186535,0.70710678118656));
#2028=DIRECTION('',(-1.,0.,0.));
#2029=DIRECTION('',(2.77999845366139E-14,-0.707106781186534,0.707106781186561));
#2030=DIRECTION('',(-1.,-5.04122112512556E-17,5.04122112512574E-17));
#2031=DIRECTION('',(0.,0.707106781186535,-0.70710678118656));
#2032=DIRECTION('',(-1.,0.,0.));
#2033=DIRECTION('',(0.,-0.707106781186535,0.70710678118656));
#2034=DIRECTION('',(1.,0.,0.));
#2035=DIRECTION('',(0.,0.707106781186535,-0.70710678118656));
#2036=DIRECTION('',(-1.,0.,0.));
#2037=DIRECTION('',(0.,-0.707106781186535,0.70710678118656));
#2038=DIRECTION('',(1.,0.,0.));
#2039=DIRECTION('',(2.77999845366139E-14,-0.707106781186534,0.707106781186561));
#2040=DIRECTION('',(1.,2.03012210217171E-14,-1.90323947078598E-14));
#2041=DIRECTION('',(1.,0.,0.));
#2042=DIRECTION('',(0.,-0.707106781186535,0.70710678118656));
#2043=DIRECTION('',(-1.,0.,0.));
#2044=DIRECTION('',(0.,0.707106781186535,-0.70710678118656));
#2045=DIRECTION('center_axis',(-1.,0.,0.));
#2046=DIRECTION('ref_axis',(0.,0.,1.));
#2047=DIRECTION('',(0.,0.707106781186561,0.707106781186534));
#2048=DIRECTION('',(0.,0.729537204140085,-0.68394112888133));
#2049=DIRECTION('',(0.,0.789352182893787,0.613940657849612));
#2050=DIRECTION('',(0.,0.707106781186535,-0.70710678118656));
#2051=DIRECTION('center_axis',(0.,0.,-1.));
#2052=DIRECTION('ref_axis',(0.,-1.,0.));
#2053=DIRECTION('',(0.,-1.,0.));
#2054=DIRECTION('',(-1.,0.,0.));
#2055=DIRECTION('',(0.,1.,0.));
#2056=DIRECTION('',(-1.,0.,0.));
#2057=DIRECTION('center_axis',(0.,1.,0.));
#2058=DIRECTION('ref_axis',(0.,0.,-1.));
#2059=DIRECTION('',(0.,0.,-1.));
#2060=DIRECTION('',(-1.,0.,0.));
#2061=DIRECTION('',(0.,0.,1.));
#2062=DIRECTION('center_axis',(0.,0.68394112888133,0.729537204140085));
#2063=DIRECTION('ref_axis',(0.,0.729537204140085,-0.68394112888133));
#2064=DIRECTION('',(0.,0.729537204140085,-0.68394112888133));
#2065=DIRECTION('',(-1.,0.,0.));
#2066=DIRECTION('',(0.,-0.729537204140085,0.68394112888133));
#2067=DIRECTION('center_axis',(0.,-0.613940657849612,0.789352182893787));
#2068=DIRECTION('ref_axis',(0.,0.789352182893787,0.613940657849612));
#2069=DIRECTION('',(0.,0.789352182893787,0.613940657849612));
#2070=DIRECTION('',(-1.,0.,0.));
#2071=DIRECTION('',(0.,-0.789352182893787,-0.613940657849612));
#2072=DIRECTION('center_axis',(0.,-1.,0.));
#2073=DIRECTION('ref_axis',(0.,0.,1.));
#2074=DIRECTION('',(0.,0.,1.));
#2075=DIRECTION('',(0.,0.,-1.));
#2076=DIRECTION('center_axis',(-1.,0.,0.));
#2077=DIRECTION('ref_axis',(0.,-1.,0.));
#2078=DIRECTION('',(0.,-1.,0.));
#2079=DIRECTION('',(0.,0.,1.));
#2080=DIRECTION('',(0.,-1.,0.));
#2081=DIRECTION('',(0.,0.,1.));
#2082=DIRECTION('center_axis',(0.,1.,0.));
#2083=DIRECTION('ref_axis',(-1.,0.,0.));
#2084=DIRECTION('',(-1.,0.,0.));
#2085=DIRECTION('',(-1.,0.,0.));
#2086=DIRECTION('',(0.,0.,1.));
#2087=DIRECTION('center_axis',(1.,0.,0.));
#2088=DIRECTION('ref_axis',(0.,1.,0.));
#2089=DIRECTION('',(0.,1.,0.));
#2090=DIRECTION('',(0.,1.,0.));
#2091=DIRECTION('',(0.,0.,1.));
#2092=DIRECTION('center_axis',(0.,-1.,0.));
#2093=DIRECTION('ref_axis',(1.,0.,0.));
#2094=DIRECTION('',(1.,0.,0.));
#2095=DIRECTION('',(1.,0.,0.));
#2096=DIRECTION('center_axis',(0.,0.,1.));
#2097=DIRECTION('ref_axis',(1.,0.,0.));
#2098=DIRECTION('',(0.,1.,0.));
#2099=DIRECTION('',(1.,5.04122112512567E-17,0.));
#2100=DIRECTION('',(0.,-1.,0.));
#2101=DIRECTION('',(-1.,0.,0.));
#2102=DIRECTION('center_axis',(-1.,0.,0.));
#2103=DIRECTION('ref_axis',(0.,0.,1.));
#2104=DIRECTION('',(0.,0.,-1.));
#2105=DIRECTION('',(0.,-1.87072579649339E-14,-1.));
#2106=DIRECTION('',(0.,1.,0.));
#2107=DIRECTION('center_axis',(1.,0.,0.));
#2108=DIRECTION('ref_axis',(0.,0.707106781186546,0.707106781186549));
#2109=DIRECTION('',(0.,0.,-1.));
#2110=DIRECTION('center_axis',(5.04122112512567E-17,-1.,0.));
#2111=DIRECTION('ref_axis',(-1.,-5.04122112512567E-17,0.));
#2112=DIRECTION('',(0.,0.,-1.));
#2113=DIRECTION('',(1.,5.04122112512557E-17,-5.04122112512576E-17));
#2114=DIRECTION('center_axis',(1.,0.,0.));
#2115=DIRECTION('ref_axis',(0.,0.707106781186546,0.707106781186549));
#2116=DIRECTION('center_axis',(-1.,0.,0.));
#2117=DIRECTION('ref_axis',(0.,0.707106781186546,0.707106781186549));
#2118=DIRECTION('',(-1.,0.,0.));
#2119=DIRECTION('',(1.,0.,0.));
#2120=DIRECTION('center_axis',(0.,1.,0.));
#2121=DIRECTION('ref_axis',(0.,0.,1.));
#2122=DIRECTION('',(0.,0.,-1.));
#2123=DIRECTION('center_axis',(1.,0.,0.));
#2124=DIRECTION('ref_axis',(0.,0.,-1.));
#2125=DIRECTION('',(0.,1.,0.));
#2126=DIRECTION('',(0.,1.87072579649339E-14,1.));
#2127=DIRECTION('center_axis',(0.,0.,-1.));
#2128=DIRECTION('ref_axis',(-1.,0.,0.));
#2129=DIRECTION('center_axis',(0.,0.,1.));
#2130=DIRECTION('ref_axis',(1.,0.,0.));
#2131=DIRECTION('',(-1.,-5.04122112512567E-17,0.));
#2132=DIRECTION('center_axis',(1.,0.,0.));
#2133=DIRECTION('ref_axis',(0.,1.,-8.8232240178523E-17));
#2134=DIRECTION('',(0.,-1.,0.));
#2135=DIRECTION('',(0.,0.,1.));
#2136=DIRECTION('',(0.,-0.707106781186561,-0.707106781186534));
#2137=DIRECTION('',(0.,-0.707106781186535,0.70710678118656));
#2138=DIRECTION('',(0.,1.54465812121761E-16,1.));
#2139=DIRECTION('',(0.,1.,0.));
#2140=DIRECTION('',(0.,1.54465812121761E-16,1.));
#2141=DIRECTION('',(0.,1.,0.));
#2142=DIRECTION('',(0.,-1.87072579649339E-14,-1.));
#2143=DIRECTION('center_axis',(0.,0.,-1.));
#2144=DIRECTION('ref_axis',(-1.,0.,0.));
#2145=DIRECTION('',(0.,1.,0.));
#2146=DIRECTION('',(-1.,-5.04122112512567E-17,0.));
#2147=DIRECTION('',(1.,0.,0.));
#2148=DIRECTION('center_axis',(1.,0.,0.));
#2149=DIRECTION('ref_axis',(0.,-0.707106781186547,0.707106781186547));
#2150=DIRECTION('center_axis',(1.,0.,0.));
#2151=DIRECTION('ref_axis',(0.,-0.707106781186547,0.707106781186547));
#2152=DIRECTION('',(1.,0.,0.));
#2153=DIRECTION('center_axis',(1.,1.96575575827207E-14,-1.9657557582721E-14));
#2154=DIRECTION('ref_axis',(0.,-0.707106781186547,0.707106781186547));
#2155=DIRECTION('',(-1.,0.,0.));
#2156=DIRECTION('center_axis',(0.,-1.,1.54465812121761E-16));
#2157=DIRECTION('ref_axis',(1.,0.,0.));
#2158=DIRECTION('',(0.,-1.54465812121761E-16,-1.));
#2159=DIRECTION('',(1.,0.,0.));
#2160=DIRECTION('',(0.,0.,1.));
#2161=DIRECTION('',(1.,-1.55739263035579E-32,-1.00824422502511E-16));
#2162=DIRECTION('',(0.,0.,1.));
#2163=DIRECTION('',(1.,0.,0.));
#2164=DIRECTION('',(1.,0.,0.));
#2165=DIRECTION('',(-1.9657557582721E-14,-1.54465812121761E-16,-1.));
#2166=DIRECTION('center_axis',(1.,0.,0.));
#2167=DIRECTION('ref_axis',(0.,0.,-1.));
#2168=DIRECTION('',(0.,1.54465812121761E-16,1.));
#2169=DIRECTION('',(0.,1.,-8.8232240178523E-17));
#2170=DIRECTION('',(0.,-1.,1.54465812121761E-16));
#2171=DIRECTION('center_axis',(1.,0.,0.));
#2172=DIRECTION('ref_axis',(0.,0.,-1.));
#2173=DIRECTION('',(0.,-0.707106781186561,-0.707106781186534));
#2174=DIRECTION('',(0.,1.,0.));
#2175=DIRECTION('',(0.,0.,1.));
#2176=DIRECTION('center_axis',(-1.,0.,0.));
#2177=DIRECTION('ref_axis',(0.,-1.,0.));
#2178=DIRECTION('',(0.,0.707106781186561,0.707106781186534));
#2179=DIRECTION('',(0.,0.,1.));
#2180=DIRECTION('',(0.,1.,0.));
#2181=DIRECTION('',(0.,-0.707106781186561,-0.707106781186534));
#2182=DIRECTION('',(0.,0.707106781186535,-0.70710678118656));
#2183=DIRECTION('center_axis',(0.,0.,1.));
#2184=DIRECTION('ref_axis',(0.,-1.,0.));
#2185=DIRECTION('',(1.,0.,0.));
#2186=DIRECTION('center_axis',(0.,-8.8232240178523E-17,-1.));
#2187=DIRECTION('ref_axis',(-1.,0.,0.));
#2188=DIRECTION('',(-1.,0.,0.));
#2189=DIRECTION('center_axis',(0.,1.,-1.54465812121761E-16));
#2190=DIRECTION('ref_axis',(-1.,0.,0.));
#2191=DIRECTION('',(1.,0.,-1.21705844112004E-16));
#2192=DIRECTION('',(5.04122112512575E-17,0.,1.));
#2193=DIRECTION('center_axis',(7.12936328607445E-17,-0.707106781186534,
0.707106781186561));
#2194=DIRECTION('ref_axis',(-1.,-1.00824422502516E-16,-6.61202281933867E-31));
#2195=DIRECTION('',(-1.57772181044202E-30,-0.707106781186561,-0.707106781186534));
#2196=DIRECTION('',(1.,0.,0.));
#2197=DIRECTION('center_axis',(0.,0.707106781186561,0.707106781186534));
#2198=DIRECTION('ref_axis',(1.,0.,0.));
#2199=DIRECTION('center_axis',(-7.1293632860747E-17,0.70710678118656,0.707106781186535));
#2200=DIRECTION('ref_axis',(1.,0.,0.));
#2201=DIRECTION('',(0.,0.707106781186561,0.707106781186534));
#2202=DIRECTION('center_axis',(7.1293632860747E-17,-0.70710678118656,-0.707106781186535));
#2203=DIRECTION('ref_axis',(1.,0.,0.));
#2204=DIRECTION('center_axis',(-1.,0.,0.));
#2205=DIRECTION('ref_axis',(0.,-0.707106781186535,0.70710678118656));
#2206=DIRECTION('',(0.,0.70710678118656,0.707106781186535));
#2207=DIRECTION('',(0.,0.707106781186535,-0.70710678118656));
#2208=DIRECTION('',(0.,0.70710678118656,0.707106781186535));
#2209=DIRECTION('center_axis',(0.,-0.707106781186535,0.70710678118656));
#2210=DIRECTION('ref_axis',(1.,0.,0.));
#2211=DIRECTION('',(0.,0.70710678118656,0.707106781186535));
#2212=DIRECTION('',(-1.,-5.04122112512592E-17,-5.04122112512574E-17));
#2213=DIRECTION('center_axis',(1.,0.,0.));
#2214=DIRECTION('ref_axis',(0.,0.707106781186535,-0.70710678118656));
#2215=DIRECTION('',(0.,0.70710678118656,0.707106781186535));
#2216=DIRECTION('',(0.,-0.707106781186535,0.70710678118656));
#2217=DIRECTION('center_axis',(0.,0.707106781186535,-0.70710678118656));
#2218=DIRECTION('ref_axis',(-1.,0.,0.));
#2219=DIRECTION('',(1.,5.04122112512592E-17,5.04122112512574E-17));
#2220=DIRECTION('center_axis',(0.,-0.707106781186561,-0.707106781186534));
#2221=DIRECTION('ref_axis',(1.,5.04122112512555E-17,-5.04122112512575E-17));
#2222=DIRECTION('center_axis',(-7.1293632860747E-17,0.70710678118656,0.707106781186535));
#2223=DIRECTION('ref_axis',(1.,1.00824422502515E-16,5.28699740953627E-33));
#2224=DIRECTION('',(0.,0.707106781186561,0.707106781186534));
#2225=DIRECTION('center_axis',(-7.1293632860747E-17,0.70710678118656,0.707106781186535));
#2226=DIRECTION('ref_axis',(1.,1.00824422502515E-16,5.28699740953627E-33));
#2227=DIRECTION('center_axis',(0.,-0.707106781186561,-0.707106781186534));
#2228=DIRECTION('ref_axis',(1.,5.04122112512555E-17,-5.04122112512575E-17));
#2229=DIRECTION('center_axis',(-7.1293632860747E-17,0.70710678118656,0.707106781186535));
#2230=DIRECTION('ref_axis',(1.,1.00824422502515E-16,5.28699740953627E-33));
#2231=DIRECTION('',(0.,0.707106781186561,0.707106781186534));
#2232=DIRECTION('center_axis',(-7.1293632860747E-17,0.70710678118656,0.707106781186535));
#2233=DIRECTION('ref_axis',(1.,1.00824422502515E-16,5.28699740953627E-33));
#2234=DIRECTION('center_axis',(0.,-0.707106781186561,-0.707106781186534));
#2235=DIRECTION('ref_axis',(1.,5.04122112512555E-17,-5.04122112512574E-17));
#2236=DIRECTION('center_axis',(-7.1293632860747E-17,0.70710678118656,0.707106781186535));
#2237=DIRECTION('ref_axis',(1.,1.00824422502515E-16,5.28699740953627E-33));
#2238=DIRECTION('',(0.,0.707106781186561,0.707106781186534));
#2239=DIRECTION('center_axis',(-7.1293632860747E-17,0.70710678118656,0.707106781186535));
#2240=DIRECTION('ref_axis',(1.,1.00824422502515E-16,5.28699740953627E-33));
#2241=DIRECTION('center_axis',(0.,-0.707106781186561,-0.707106781186534));
#2242=DIRECTION('ref_axis',(1.,5.04122112512556E-17,-5.04122112512575E-17));
#2243=DIRECTION('center_axis',(-7.1293632860747E-17,0.70710678118656,0.707106781186535));
#2244=DIRECTION('ref_axis',(1.,1.00824422502515E-16,5.28699740953627E-33));
#2245=DIRECTION('',(0.,0.707106781186561,0.707106781186534));
#2246=DIRECTION('center_axis',(-7.1293632860747E-17,0.70710678118656,0.707106781186535));
#2247=DIRECTION('ref_axis',(1.,1.00824422502515E-16,5.28699740953627E-33));
#2248=DIRECTION('center_axis',(-7.12936328607445E-17,0.707106781186534,
-0.707106781186561));
#2249=DIRECTION('ref_axis',(1.,1.00824422502515E-16,5.28699740953627E-33));
#2250=DIRECTION('',(1.,0.,0.));
#2251=DIRECTION('center_axis',(7.1293632860747E-17,-0.70710678118656,-0.707106781186535));
#2252=DIRECTION('ref_axis',(1.,1.00824422502515E-16,5.28699740953627E-33));
#2253=DIRECTION('center_axis',(7.1293632860747E-17,-0.70710678118656,-0.707106781186535));
#2254=DIRECTION('ref_axis',(1.,1.00824422502515E-16,5.28699740953627E-33));
#2255=DIRECTION('',(2.77999845366139E-14,-0.707106781186534,0.707106781186561));
#2256=DIRECTION('',(1.,2.03012210217171E-14,-1.90323947078598E-14));
#2257=DIRECTION('',(0.,0.707106781186534,-0.707106781186561));
#2258=DIRECTION('',(1.,-6.31088724176809E-30,0.));
#2259=DIRECTION('',(2.77999845366139E-14,-0.707106781186534,0.707106781186561));
#2260=DIRECTION('center_axis',(-1.,-1.96575575827207E-14,1.9657557582721E-14));
#2261=DIRECTION('ref_axis',(0.,-0.707106781186554,-0.707106781186541));
#2262=DIRECTION('',(4.46247116395792E-30,-0.707106781186554,-0.707106781186541));
#2263=DIRECTION('',(1.96575575827207E-14,-1.,8.8232240178523E-17));
#2264=DIRECTION('center_axis',(2.77999845366139E-14,-0.707106781186534,
0.707106781186561));
#2265=DIRECTION('ref_axis',(1.,0.,-3.9315115165441E-14));
#2266=DIRECTION('',(0.,-0.707106781186561,-0.707106781186534));
#2267=DIRECTION('center_axis',(1.,1.96575575827205E-14,-1.96575575827212E-14));
#2268=DIRECTION('ref_axis',(0.,0.707106781186561,0.707106781186534));
#2269=DIRECTION('',(-2.60458775939701E-14,0.41529234958965,-0.909688003863032));
#2270=DIRECTION('center_axis',(-1.,-1.96575575827205E-14,1.96575575827212E-14));
#2271=DIRECTION('ref_axis',(-2.7554263723711E-14,0.626758644816501,-0.779213450312418));
#2272=DIRECTION('',(2.99688911779796E-15,-0.779213450312418,-0.626758644816501));
#2273=DIRECTION('center_axis',(1.,0.,0.));
#2274=DIRECTION('ref_axis',(0.,-0.944035542120393,-0.32984374363243));
#2275=DIRECTION('center_axis',(1.,0.,0.));
#2276=DIRECTION('ref_axis',(0.,-0.944035542120393,-0.32984374363243));
#2277=DIRECTION('',(1.,0.,0.));
#2278=DIRECTION('center_axis',(1.,0.,0.));
#2279=DIRECTION('ref_axis',(0.,-0.944035542120393,-0.32984374363243));
#2280=DIRECTION('',(1.,0.,0.));
#2281=DIRECTION('center_axis',(1.,0.,0.));
#2282=DIRECTION('ref_axis',(0.,0.626758644816501,-0.779213450312418));
#2283=DIRECTION('',(1.,0.,0.));
#2284=DIRECTION('center_axis',(1.,0.,0.));
#2285=DIRECTION('ref_axis',(0.,0.626758644816501,-0.779213450312418));
#2286=DIRECTION('',(1.,0.,0.));
#2287=DIRECTION('center_axis',(1.,0.,0.));
#2288=DIRECTION('ref_axis',(0.,0.,1.));
#2289=DIRECTION('center_axis',(1.,0.,0.));
#2290=DIRECTION('ref_axis',(0.,0.,1.));
#2291=DIRECTION('',(1.,0.,0.));
#2292=DIRECTION('center_axis',(1.,0.,0.));
#2293=DIRECTION('ref_axis',(0.,0.,1.));
#2294=DIRECTION('',(1.,0.,0.));
#2295=DIRECTION('center_axis',(0.,-0.944035542120394,-0.329843743632427));
#2296=DIRECTION('ref_axis',(0.,0.329843743632427,-0.944035542120394));
#2297=DIRECTION('',(0.,-0.329843743632427,0.944035542120394));
#2298=DIRECTION('',(0.,0.329843743632427,-0.944035542120394));
#2299=DIRECTION('center_axis',(1.,0.,0.));
#2300=DIRECTION('ref_axis',(0.,1.,0.));
#2301=DIRECTION('center_axis',(-1.,0.,0.));
#2302=DIRECTION('ref_axis',(0.,1.,0.));
#2303=DIRECTION('',(-1.,0.,0.));
#2304=DIRECTION('center_axis',(-1.,-1.96575575827205E-14,1.96575575827212E-14));
#2305=DIRECTION('ref_axis',(0.,1.,0.));
#2306=DIRECTION('center_axis',(1.,0.,0.));
#2307=DIRECTION('ref_axis',(0.,1.,0.));
#2308=DIRECTION('center_axis',(-1.,0.,0.));
#2309=DIRECTION('ref_axis',(0.,1.,0.));
#2310=DIRECTION('',(-1.,0.,0.));
#2311=DIRECTION('center_axis',(-1.,0.,0.));
#2312=DIRECTION('ref_axis',(0.,1.,0.));
#2313=DIRECTION('center_axis',(1.,0.,0.));
#2314=DIRECTION('ref_axis',(0.,1.,0.));
#2315=DIRECTION('center_axis',(-1.,0.,0.));
#2316=DIRECTION('ref_axis',(0.,1.,0.));
#2317=DIRECTION('',(-1.,0.,0.));
#2318=DIRECTION('center_axis',(-1.,0.,0.));
#2319=DIRECTION('ref_axis',(0.,1.,0.));
#2320=DIRECTION('center_axis',(1.,0.,0.));
#2321=DIRECTION('ref_axis',(0.,1.,0.));
#2322=DIRECTION('center_axis',(-1.,0.,0.));
#2323=DIRECTION('ref_axis',(0.,1.,0.));
#2324=DIRECTION('',(-1.,0.,0.));
#2325=DIRECTION('center_axis',(-1.,0.,0.));
#2326=DIRECTION('ref_axis',(0.,1.,0.));
#2327=DIRECTION('center_axis',(0.,0.626758644816507,-0.779213450312414));
#2328=DIRECTION('ref_axis',(0.,0.779213450312414,0.626758644816507));
#2329=DIRECTION('',(0.,0.779213450312414,0.626758644816507));
#2330=DIRECTION('',(0.,-0.779213450312414,-0.626758644816507));
#2331=DIRECTION('center_axis',(1.,1.96575575827205E-14,-1.96575575827212E-14));
#2332=DIRECTION('ref_axis',(0.,0.707106781186561,0.707106781186534));
#2333=DIRECTION('center_axis',(0.,1.54465812121761E-16,1.));
#2334=DIRECTION('ref_axis',(1.,0.,0.));
#2335=DIRECTION('center_axis',(-1.,-5.04122112512556E-17,5.04122112512575E-17));
#2336=DIRECTION('ref_axis',(5.04122112512565E-17,-1.,1.69864122767649E-14));
#2337=DIRECTION('',(0.,-1.,0.));
#2338=DIRECTION('',(0.,0.,1.));
#2339=DIRECTION('',(0.,-1.,0.));
#2340=DIRECTION('',(0.,0.,1.));
#2341=DIRECTION('',(5.04122112512565E-17,-1.,1.69864122767649E-14));
#2342=DIRECTION('',(5.04122112512566E-17,1.87072579649339E-14,1.));
#2343=DIRECTION('',(-5.04122112512565E-17,1.,-1.7430501486615E-14));
#2344=DIRECTION('',(-5.04122112512568E-17,-1.69864122767649E-14,-1.));
#2345=DIRECTION('center_axis',(1.21705844112004E-16,1.69864122767649E-14,
1.));
#2346=DIRECTION('ref_axis',(1.,5.04122112512544E-17,-1.21705844112005E-16));
#2347=DIRECTION('',(1.,5.04122112512544E-17,-1.21705844112005E-16));
#2348=DIRECTION('',(-5.04122112512565E-17,1.,-1.69864122767649E-14));
#2349=DIRECTION('',(-1.,0.,1.21705844112004E-16));
#2350=DIRECTION('',(0.,1.,-1.69864122767649E-14));
#2351=DIRECTION('',(1.,0.,-1.21705844112004E-16));
#2352=DIRECTION('',(-5.04122112512565E-17,1.,-1.69864122767649E-14));
#2353=DIRECTION('',(-1.,-5.04122112512544E-17,1.21705844112006E-16));
#2354=DIRECTION('',(1.,0.,-1.21705844112004E-16));
#2355=DIRECTION('',(0.,-1.,1.69864122767649E-14));
#2356=DIRECTION('',(-1.,0.,1.21705844112004E-16));
#2357=DIRECTION('center_axis',(-1.21705844112004E-16,-1.69864122767649E-14,
-1.));
#2358=DIRECTION('ref_axis',(1.,1.21705844112E-16,-5.04122112512589E-17));
#2359=DIRECTION('center_axis',(-1.21705844112004E-16,-1.69864122767649E-14,
-1.));
#2360=DIRECTION('ref_axis',(1.,5.04122112512544E-17,-1.21705844112005E-16));
#2361=DIRECTION('center_axis',(-1.21705844112004E-16,-1.69864122767649E-14,
-1.));
#2362=DIRECTION('ref_axis',(1.,5.04122112512544E-17,-1.21705844112005E-16));
#2363=DIRECTION('center_axis',(-1.21705844112004E-16,-1.69864122767649E-14,
-1.));
#2364=DIRECTION('ref_axis',(1.,5.04122112512544E-17,-1.21705844112005E-16));
#2365=DIRECTION('center_axis',(-1.21705844112004E-16,-1.69864122767649E-14,
-1.));
#2366=DIRECTION('ref_axis',(1.,5.04122112512544E-17,-1.21705844112005E-16));
#2367=DIRECTION('center_axis',(0.,0.,1.));
#2368=DIRECTION('ref_axis',(-1.,0.,0.));
#2369=DIRECTION('center_axis',(0.,0.,-1.));
#2370=DIRECTION('ref_axis',(-1.,0.,0.));
#2371=DIRECTION('',(0.,0.,-1.));
#2372=DIRECTION('center_axis',(0.,0.,-1.));
#2373=DIRECTION('ref_axis',(-1.,0.,0.));
#2374=DIRECTION('center_axis',(0.,0.,1.));
#2375=DIRECTION('ref_axis',(-1.,0.,0.));
#2376=DIRECTION('center_axis',(0.,0.,1.));
#2377=DIRECTION('ref_axis',(-1.,0.,0.));
#2378=DIRECTION('',(0.,0.,1.));
#2379=DIRECTION('center_axis',(0.,0.,1.));
#2380=DIRECTION('ref_axis',(-1.,0.,0.));
#2381=DIRECTION('',(0.,0.,1.));
#2382=DIRECTION('center_axis',(0.,0.,1.));
#2383=DIRECTION('ref_axis',(-1.,0.,0.));
#2384=DIRECTION('center_axis',(0.,0.,1.));
#2385=DIRECTION('ref_axis',(-1.,0.,0.));
#2386=DIRECTION('',(0.,0.,1.));
#2387=DIRECTION('center_axis',(0.,0.,1.));
#2388=DIRECTION('ref_axis',(-1.,0.,0.));
#2389=DIRECTION('',(0.,0.,1.));
#2390=DIRECTION('center_axis',(0.,0.,1.));
#2391=DIRECTION('ref_axis',(-1.,0.,0.));
#2392=DIRECTION('',(-1.,0.,0.));
#2393=DIRECTION('',(-1.,0.,0.));
#2394=DIRECTION('',(1.,0.,0.));
#2395=DIRECTION('',(1.,0.,0.));
#2396=DIRECTION('',(0.,1.,0.));
#2397=DIRECTION('center_axis',(0.,0.,1.));
#2398=DIRECTION('ref_axis',(-1.,0.,0.));
#2399=DIRECTION('',(0.,-1.,0.));
#2400=DIRECTION('',(1.,0.,0.));
#2401=DIRECTION('',(1.,0.,0.));
#2402=DIRECTION('',(0.,1.,0.));
#2403=DIRECTION('',(-1.,0.,0.));
#2404=DIRECTION('',(-1.,0.,0.));
#2405=DIRECTION('center_axis',(1.,0.,0.));
#2406=DIRECTION('ref_axis',(0.,1.,0.));
#2407=DIRECTION('',(0.,0.,1.));
#2408=DIRECTION('',(0.,0.,1.));
#2409=DIRECTION('center_axis',(0.,-1.,0.));
#2410=DIRECTION('ref_axis',(1.,0.,0.));
#2411=DIRECTION('center_axis',(0.,1.,0.));
#2412=DIRECTION('ref_axis',(-1.,0.,0.));
#2413=DIRECTION('center_axis',(0.,1.,0.));
#2414=DIRECTION('ref_axis',(-1.,0.,0.));
#2415=DIRECTION('',(0.,0.,1.));
#2416=DIRECTION('',(0.,0.,1.));
#2417=DIRECTION('center_axis',(0.,-1.,0.));
#2418=DIRECTION('ref_axis',(1.,0.,0.));
#2419=DIRECTION('',(0.,0.,1.));
#2420=DIRECTION('',(0.,0.,1.));
#2421=DIRECTION('center_axis',(-1.,0.,0.));
#2422=DIRECTION('ref_axis',(0.,-1.,0.));
#2423=DIRECTION('center_axis',(-5.04122112512566E-17,-1.87072579649339E-14,
-1.));
#2424=DIRECTION('ref_axis',(1.,1.21705844112E-16,-5.04122112512589E-17));
#2425=DIRECTION('',(-5.04122112512566E-17,-1.87072579649339E-14,-1.));
#2426=DIRECTION('center_axis',(1.21705844112004E-16,1.69864122767649E-14,
1.));
#2427=DIRECTION('ref_axis',(1.,1.21705844112E-16,-5.04122112512589E-17));
#2428=DIRECTION('center_axis',(-5.04122112512567E-17,-1.7430501486615E-14,
-1.));
#2429=DIRECTION('ref_axis',(1.,1.21705844112E-16,-5.04122112512589E-17));
#2430=DIRECTION('',(-1.,-5.04122112512557E-17,5.04122112512576E-17));
#2431=DIRECTION('',(1.,5.04122112512557E-17,-5.04122112512576E-17));
#2432=DIRECTION('',(1.,5.04122112512557E-17,-5.04122112512576E-17));
#2433=DIRECTION('',(5.04122112512565E-17,-1.,1.7430501486615E-14));
#2434=DIRECTION('',(1.,1.21705844112E-16,-5.04122112512589E-17));
#2435=DIRECTION('',(-1.21705844112001E-16,1.,-1.7430501486615E-14));
#2436=DIRECTION('',(-1.,-1.21705844112E-16,5.04122112512589E-17));
#2437=DIRECTION('',(1.21705844112001E-16,-1.,1.7430501486615E-14));
#2438=DIRECTION('center_axis',(-1.,-1.21705844112E-16,5.04122112512589E-17));
#2439=DIRECTION('ref_axis',(-1.21705844112001E-16,1.,-1.69864122767649E-14));
#2440=DIRECTION('',(-5.04122112512567E-17,-1.7430501486615E-14,-1.));
#2441=DIRECTION('',(1.21705844112001E-16,-1.,1.69864122767649E-14));
#2442=DIRECTION('',(-5.04122112512567E-17,-1.7430501486615E-14,-1.));
#2443=DIRECTION('center_axis',(-1.21705844112001E-16,1.,-1.69864122767649E-14));
#2444=DIRECTION('ref_axis',(1.,1.21705844112E-16,-5.04122112512589E-17));
#2445=DIRECTION('',(-5.04122112512568E-17,-1.69864122767649E-14,-1.));
#2446=DIRECTION('',(-1.,-1.21705844111999E-16,1.21705844112006E-16));
#2447=DIRECTION('center_axis',(1.,5.04122112512556E-17,-5.04122112512575E-17));
#2448=DIRECTION('ref_axis',(-5.04122112512565E-17,1.,-1.69864122767649E-14));
#2449=DIRECTION('',(5.04122112512566E-17,1.87072579649339E-14,1.));
#2450=DIRECTION('',(5.04122112512566E-17,1.87072579649339E-14,1.));
#2451=DIRECTION('center_axis',(-5.04122112512567E-17,1.,-1.87072579649339E-14));
#2452=DIRECTION('ref_axis',(-1.,-5.04122112512544E-17,1.21705844112006E-16));
#2453=DIRECTION('center_axis',(1.,1.21705844112E-16,-5.04122112512589E-17));
#2454=DIRECTION('ref_axis',(1.21705844112001E-16,-1.,1.69864122767649E-14));
#2455=DIRECTION('',(-5.04122112512568E-17,-1.69864122767649E-14,-1.));
#2456=DIRECTION('',(-1.21705844112001E-16,1.,-1.69864122767649E-14));
#2457=DIRECTION('center_axis',(1.21705844112001E-16,-1.,1.69864122767649E-14));
#2458=DIRECTION('ref_axis',(-1.,-1.21705844112E-16,5.04122112512589E-17));
#2459=DIRECTION('',(1.,1.21705844111999E-16,-1.21705844112006E-16));
#2460=DIRECTION('center_axis',(5.04122112512566E-17,1.87072579649339E-14,
1.));
#2461=DIRECTION('ref_axis',(1.,5.04122112512557E-17,-5.04122112512575E-17));
#2462=DIRECTION('',(-5.04122112512566E-17,-1.87072579649339E-14,-1.));
#2463=DIRECTION('center_axis',(-1.21705844112004E-16,-1.69864122767649E-14,
-1.));
#2464=DIRECTION('ref_axis',(1.,5.04122112512544E-17,-1.21705844112005E-16));
#2465=DIRECTION('center_axis',(5.04122112512566E-17,1.87072579649339E-14,
1.));
#2466=DIRECTION('ref_axis',(1.,5.04122112512557E-17,-5.04122112512575E-17));
#2467=DIRECTION('',(-5.04122112512566E-17,-1.87072579649339E-14,-1.));
#2468=DIRECTION('center_axis',(-1.21705844112004E-16,-1.69864122767649E-14,
-1.));
#2469=DIRECTION('ref_axis',(1.,5.04122112512544E-17,-1.21705844112005E-16));
#2470=DIRECTION('center_axis',(5.04122112512566E-17,1.87072579649339E-14,
1.));
#2471=DIRECTION('ref_axis',(1.,5.04122112512557E-17,-5.04122112512575E-17));
#2472=DIRECTION('',(-5.04122112512566E-17,-1.87072579649339E-14,-1.));
#2473=DIRECTION('center_axis',(-1.21705844112004E-16,-1.69864122767649E-14,
-1.));
#2474=DIRECTION('ref_axis',(1.,5.04122112512544E-17,-1.21705844112005E-16));
#2475=DIRECTION('center_axis',(5.04122112512566E-17,1.87072579649339E-14,
1.));
#2476=DIRECTION('ref_axis',(1.,5.04122112512557E-17,-5.04122112512575E-17));
#2477=DIRECTION('',(-5.04122112512566E-17,-1.87072579649339E-14,-1.));
#2478=DIRECTION('center_axis',(-1.21705844112004E-16,-1.69864122767649E-14,
-1.));
#2479=DIRECTION('ref_axis',(1.,5.04122112512544E-17,-1.21705844112005E-16));
#2480=DIRECTION('center_axis',(5.04122112512567E-17,-1.,1.87072579649339E-14));
#2481=DIRECTION('ref_axis',(1.,5.04122112512544E-17,-1.21705844112005E-16));
#2482=DIRECTION('center_axis',(1.21705844112004E-16,1.69864122767649E-14,
1.));
#2483=DIRECTION('ref_axis',(1.,5.04122112512544E-17,-1.21705844112005E-16));
#2484=DIRECTION('center_axis',(1.,0.,0.));
#2485=DIRECTION('ref_axis',(0.,1.,0.));
#2486=DIRECTION('',(0.,-0.415292349589646,0.909688003863034));
#2487=DIRECTION('center_axis',(1.,0.,0.));
#2488=DIRECTION('ref_axis',(0.,0.909688003863038,0.415292349589637));
#2489=DIRECTION('',(0.,-1.,0.));
#2490=DIRECTION('center_axis',(0.,0.909688003863034,0.415292349589646));
#2491=DIRECTION('ref_axis',(0.,-0.415292349589646,0.909688003863034));
#2492=DIRECTION('',(0.,0.415292349589646,-0.909688003863034));
#2493=DIRECTION('',(1.,0.,0.));
#2494=DIRECTION('center_axis',(1.,0.,0.));
#2495=DIRECTION('ref_axis',(0.,1.,0.));
#2496=DIRECTION('',(0.,1.,0.));
#2497=DIRECTION('center_axis',(1.,0.,0.));
#2498=DIRECTION('ref_axis',(0.,0.909688003863038,0.415292349589637));
#2499=DIRECTION('center_axis',(0.,0.,1.));
#2500=DIRECTION('ref_axis',(0.,-1.,0.));
#2501=DIRECTION('',(1.,0.,0.));
#2502=DIRECTION('center_axis',(1.,0.,0.));
#2503=DIRECTION('ref_axis',(0.,0.909688003863038,0.415292349589637));
#2504=CARTESIAN_POINT('',(0.,0.,0.));
#2505=CARTESIAN_POINT('Origin',(19.5,-151.720003017485,-68.0000004917383));
#2506=CARTESIAN_POINT('',(3.20177364618623,-147.720003017485,-68.0000004917383));
#2507=CARTESIAN_POINT('Origin',(3.20177364618623,-151.720003017485,-68.0000004917383));
#2508=CARTESIAN_POINT('',(20.2017736461862,-147.720003017485,-68.0000004917383));
#2509=CARTESIAN_POINT('',(19.5,-147.720003017485,-68.0000004917383));
#2510=CARTESIAN_POINT('Origin',(20.2017736461862,-151.720003017485,-68.0000004917383));
#2511=CARTESIAN_POINT('Origin',(20.,-105.212132034356,-88.1410642224905));
#2512=CARTESIAN_POINT('',(19.5,-152.983319844077,-40.3698764127683));
#2513=CARTESIAN_POINT('',(19.5,-157.184480451566,-36.1687158052788));
#2514=CARTESIAN_POINT('',(19.5,-135.60857455879,-57.7446216980557));
#2515=CARTESIAN_POINT('',(13.2017736461875,-152.983319844077,-40.3698764127681));
#2516=CARTESIAN_POINT('',(21.,-152.983319844077,-40.3698764127681));
#2517=CARTESIAN_POINT('',(13.2017736461862,-121.829141392239,-71.5240548646067));
#2518=CARTESIAN_POINT('',(13.2017736461862,-121.829141392239,-71.5240548646067));
#2519=CARTESIAN_POINT('',(70.,-121.82914139224,-71.5240548646064));
#2520=CARTESIAN_POINT('',(21.25,-121.829141392239,-71.5240548646064));
#2521=CARTESIAN_POINT('',(70.,-80.0000011920929,-113.353195064754));
#2522=CARTESIAN_POINT('',(70.,-91.7679185618086,-101.585277695038));
#2523=CARTESIAN_POINT('',(60.,-80.,-113.353196256847));
#2524=CARTESIAN_POINT('',(6.25,-80.,-113.353196256847));
#2525=CARTESIAN_POINT('',(60.,-88.5951226764724,-104.758073580375));
#2526=CARTESIAN_POINT('',(60.,-83.6429180868344,-109.710278170013));
#2527=CARTESIAN_POINT('',(-10.,-88.5951226764723,-104.758073580375));
#2528=CARTESIAN_POINT('',(43.5,-88.5951226764724,-104.758073580375));
#2529=CARTESIAN_POINT('',(-10.,-80.,-113.353196256847));
#2530=CARTESIAN_POINT('',(-10.,-87.3015981284227,-106.051598128424));
#2531=CARTESIAN_POINT('',(-25.,-80.,-113.353196256847));
#2532=CARTESIAN_POINT('',(-15.,-80.,-113.353196256847));
#2533=CARTESIAN_POINT('',(-25.,-128.353196256846,-65.));
#2534=CARTESIAN_POINT('',(-25.,-75.9443650813898,-117.408831175458));
#2535=CARTESIAN_POINT('',(3.20177364618648,-128.353196256846,-65.));
#2536=CARTESIAN_POINT('',(-10.,-128.353196256846,-65.));
#2537=CARTESIAN_POINT('',(3.20177364618762,-157.184480451566,-36.1687158052784));
#2538=CARTESIAN_POINT('',(3.20177364618623,-121.82914139224,-71.5240548646065));
#2539=CARTESIAN_POINT('',(13.2017736461876,-157.184480451566,-36.1687158052786));
#2540=CARTESIAN_POINT('',(-1.5,-90.0093362388454,-103.343860018002));
#2541=CARTESIAN_POINT('',(41.5,-90.0093362388454,-103.343860018002));
#2542=CARTESIAN_POINT('',(9.25,-90.0093362388454,-103.343860018002));
#2543=CARTESIAN_POINT('',(41.5,-120.414927829866,-72.9382684269795));
#2544=CARTESIAN_POINT('',(41.5,-97.6107341366006,-95.742462120246));
#2545=CARTESIAN_POINT('',(-1.5,-120.414927829866,-72.9382684269795));
#2546=CARTESIAN_POINT('',(30.75,-120.414927829866,-72.9382684269795));
#2547=CARTESIAN_POINT('',(-1.50000000000001,-112.813529932111,-80.539666324735));
#2548=CARTESIAN_POINT('Origin',(60.,-115.000000670552,-130.000000670552));
#2549=CARTESIAN_POINT('',(60.,-107.687005768509,-123.849956672411));
#2550=CARTESIAN_POINT('',(60.,-97.1417043311085,-113.304655235011));
#2551=CARTESIAN_POINT('',(60.,-113.552765810205,-129.715716714106));
#2552=CARTESIAN_POINT('',(60.,-122.000001817942,-90.0000013411045));
#2553=CARTESIAN_POINT('',(60.,-122.000001817942,-90.0000013411045));
#2554=CARTESIAN_POINT('',(60.,-132.989540856767,-98.5474215841526));
#2555=CARTESIAN_POINT('',(60.,-140.,-104.000001549721));
#2556=CARTESIAN_POINT('',(60.,-104.594752200443,-126.942210240478));
#2557=CARTESIAN_POINT('Origin',(70.,-90.0000013411045,-170.));
#2558=CARTESIAN_POINT('',(70.,-90.0000013411045,-170.));
#2559=CARTESIAN_POINT('',(70.,-140.,-170.));
#2560=CARTESIAN_POINT('',(70.,-102.500000968575,-170.));
#2561=CARTESIAN_POINT('',(60.,-90.0000013411045,-170.));
#2562=CARTESIAN_POINT('',(70.,-90.0000013411045,-170.));
#2563=CARTESIAN_POINT('',(60.,-140.,-170.));
#2564=CARTESIAN_POINT('',(60.,-85.0000006705523,-170.));
#2565=CARTESIAN_POINT('',(70.,-140.,-170.));
#2566=CARTESIAN_POINT('Origin',(70.,-90.0000013411045,-120.000001788139));
#2567=CARTESIAN_POINT('',(70.,-90.0000013411045,-120.000001788139));
#2568=CARTESIAN_POINT('',(70.,-90.0000013411045,-148.750001545995));
#2569=CARTESIAN_POINT('',(60.,-90.0000013411045,-120.000001788139));
#2570=CARTESIAN_POINT('',(70.,-90.0000013411045,-120.000001788139));
#2571=CARTESIAN_POINT('',(60.,-90.0000013411045,-147.500002197921));
#2572=CARTESIAN_POINT('Origin',(70.,-122.000001817942,-90.0000013411045));
#2573=CARTESIAN_POINT('',(70.,-122.000001817942,-90.0000013411045));
#2574=CARTESIAN_POINT('',(70.,-98.3076938097665,-112.211540098769));
#2575=CARTESIAN_POINT('',(70.,-122.000001817942,-90.0000013411045));
#2576=CARTESIAN_POINT('',(60.,-89.6174646356373,-120.358629949515));
#2577=CARTESIAN_POINT('Origin',(70.,-140.,-104.000001549721));
#2578=CARTESIAN_POINT('',(70.,-140.,-104.000001549721));
#2579=CARTESIAN_POINT('',(70.,-150.021155160826,-111.79423424481));
#2580=CARTESIAN_POINT('',(60.,-140.,-104.000001549721));
#2581=CARTESIAN_POINT('',(70.,-140.,-104.000001549721));
#2582=CARTESIAN_POINT('',(60.,-138.511540841831,-102.842310959194));
#2583=CARTESIAN_POINT('Origin',(70.,-140.,-170.));
#2584=CARTESIAN_POINT('',(70.,-140.,-173.750000651926));
#2585=CARTESIAN_POINT('',(60.,-140.,-172.500001303852));
#2586=CARTESIAN_POINT('Origin',(-20.,40.,-180.));
#2587=CARTESIAN_POINT('',(-20.,40.,-180.));
#2588=CARTESIAN_POINT('',(-20.,15.,-180.));
#2589=CARTESIAN_POINT('',(-20.,40.,-180.));
#2590=CARTESIAN_POINT('',(-20.,15.,-178.));
#2591=CARTESIAN_POINT('',(-20.,15.,-180.));
#2592=CARTESIAN_POINT('',(-20.,40.,-178.));
#2593=CARTESIAN_POINT('',(-20.,40.,-178.));
#2594=CARTESIAN_POINT('',(-20.,40.,-180.));
#2595=CARTESIAN_POINT('Origin',(20.,40.,-180.));
#2596=CARTESIAN_POINT('',(20.,40.,-180.));
#2597=CARTESIAN_POINT('',(20.,40.,-180.));
#2598=CARTESIAN_POINT('',(20.,40.,-178.));
#2599=CARTESIAN_POINT('',(20.,40.,-178.));
#2600=CARTESIAN_POINT('',(20.,40.,-180.));
#2601=CARTESIAN_POINT('Origin',(20.,15.,-180.));
#2602=CARTESIAN_POINT('',(20.,15.,-180.));
#2603=CARTESIAN_POINT('',(20.,15.,-180.));
#2604=CARTESIAN_POINT('',(20.,15.,-178.));
#2605=CARTESIAN_POINT('',(20.,15.,-178.));
#2606=CARTESIAN_POINT('',(20.,15.,-180.));
#2607=CARTESIAN_POINT('Origin',(-20.,15.,-180.));
#2608=CARTESIAN_POINT('',(-20.,15.,-180.));
#2609=CARTESIAN_POINT('',(-20.,15.,-178.));
#2610=CARTESIAN_POINT('Origin',(0.,27.5,-178.));
#2611=CARTESIAN_POINT('',(10.,23.4999999999987,-178.));
#2612=CARTESIAN_POINT('',(10.,29.4999999999987,-178.));
#2613=CARTESIAN_POINT('',(10.,25.4999999999993,-178.));
#2614=CARTESIAN_POINT('',(-10.,23.4999999999987,-178.));
#2615=CARTESIAN_POINT('',(5.,23.4999999999985,-178.));
#2616=CARTESIAN_POINT('',(-10.,29.4999999999987,-178.));
#2617=CARTESIAN_POINT('',(-10.,25.4999999999993,-178.));
#2618=CARTESIAN_POINT('',(0.,29.4999999999987,-178.));
#2619=CARTESIAN_POINT('Origin',(-10.,23.4999999999987,-145.));
#2620=CARTESIAN_POINT('',(-10.,23.4999999999987,-149.7));
#2621=CARTESIAN_POINT('',(-10.,23.4999999999987,-145.));
#2622=CARTESIAN_POINT('',(-10.,23.4999999999987,-135.));
#2623=CARTESIAN_POINT('',(-10.,23.4999999999987,-134.85));
#2624=CARTESIAN_POINT('',(-10.,25.4999999999987,-135.));
#2625=CARTESIAN_POINT('',(-10.,23.4999999999987,-135.));
#2626=CARTESIAN_POINT('',(-10.,29.4999999999987,-139.));
#2627=CARTESIAN_POINT('Origin',(-10.,25.4999999999987,-139.));
#2628=CARTESIAN_POINT('',(-10.,29.4999999999987,-145.));
#2629=CARTESIAN_POINT('Origin',(10.,23.4999999999985,-145.));
#2630=CARTESIAN_POINT('',(10.,23.4999999999987,-149.7));
#2631=CARTESIAN_POINT('',(10.,23.4999999999987,-145.));
#2632=CARTESIAN_POINT('',(11.75,23.4999999999984,-149.700000000001));
#2633=CARTESIAN_POINT('Origin',(-5.,25.4999999999987,-139.));
#2634=CARTESIAN_POINT('',(10.,25.4999999999987,-135.));
#2635=CARTESIAN_POINT('',(10.,29.4999999999987,-139.));
#2636=CARTESIAN_POINT('Origin',(10.,25.4999999999987,-139.));
#2637=CARTESIAN_POINT('',(-5.,29.4999999999987,-139.));
#2638=CARTESIAN_POINT('',(-5.,25.4999999999987,-135.));
#2639=CARTESIAN_POINT('Origin',(0.,29.4999999999987,-140.));
#2640=CARTESIAN_POINT('',(10.,29.4999999999987,-145.));
#2641=CARTESIAN_POINT('Origin',(10.,23.4999999999987,-135.));
#2642=CARTESIAN_POINT('',(10.,23.4999999999987,-135.));
#2643=CARTESIAN_POINT('',(10.,23.4999999999987,-135.));
#2644=CARTESIAN_POINT('',(10.,23.4999999999988,-129.85));
#2645=CARTESIAN_POINT('Origin',(10.,23.4999999999987,-180.));
#2646=CARTESIAN_POINT('Origin',(-10.,23.4999999999987,-135.));
#2647=CARTESIAN_POINT('',(6.75000000000001,23.4999999999987,-135.));
#2648=CARTESIAN_POINT('Origin',(-10.,-150.,-180.));
#2649=CARTESIAN_POINT('',(-10.,-23.5000000000011,-122.7));
#2650=CARTESIAN_POINT('',(-10.,-80.,-122.7));
#2651=CARTESIAN_POINT('',(-10.,-86.5,-122.7));
#2652=CARTESIAN_POINT('',(-10.,-80.,-154.588299064212));
#2653=CARTESIAN_POINT('',(-10.,-107.687005768509,-123.849956672411));
#2654=CARTESIAN_POINT('',(-10.,-132.30276515828,-148.46571606218));
#2655=CARTESIAN_POINT('',(-10.,-150.,-81.5369624409192));
#2656=CARTESIAN_POINT('',(-10.,-125.38424061023,-106.15272183069));
#2657=CARTESIAN_POINT('',(-10.,-150.,-175.000002607703));
#2658=CARTESIAN_POINT('',(-10.,-150.,-180.));
#2659=CARTESIAN_POINT('',(-10.,-80.0000011920929,-175.000002607703));
#2660=CARTESIAN_POINT('',(-10.,-115.000000596046,-175.000002607703));
#2661=CARTESIAN_POINT('',(-10.,-80.,-145.));
#2662=CARTESIAN_POINT('',(-10.,-80.,-180.));
#2663=CARTESIAN_POINT('',(-10.,-23.5000000000015,-145.));
#2664=CARTESIAN_POINT('',(-10.,-80.,-145.));
#2665=CARTESIAN_POINT('',(-10.,-23.500000000001,-119.026598128424));
#2666=CARTESIAN_POINT('Origin',(-10.,-80.,-145.));
#2667=CARTESIAN_POINT('',(-23.5,-80.,-145.));
#2668=CARTESIAN_POINT('',(-23.5,-23.5000000000015,-145.));
#2669=CARTESIAN_POINT('',(-23.5,-51.5,-145.));
#2670=CARTESIAN_POINT('',(-16.75,-23.5000000000015,-145.));
#2671=CARTESIAN_POINT('',(-10.,-80.,-145.));
#2672=CARTESIAN_POINT('Origin',(-25.,-138.,-77.));
#2673=CARTESIAN_POINT('',(-25.,-138.,-65.));
#2674=CARTESIAN_POINT('',(-25.,-150.,-77.));
#2675=CARTESIAN_POINT('Origin',(-25.,-138.,-77.));
#2676=CARTESIAN_POINT('',(3.20177364618667,-150.,-77.));
#2677=CARTESIAN_POINT('',(-25.,-150.,-77.));
#2678=CARTESIAN_POINT('',(3.20177364618667,-138.,-65.));
#2679=CARTESIAN_POINT('Origin',(3.20177364618623,-138.,-77.));
#2680=CARTESIAN_POINT('',(-25.,-138.,-65.));
#2681=CARTESIAN_POINT('Origin',(-30.,-150.,-180.));
#2682=CARTESIAN_POINT('',(-25.,-150.,-180.));
#2683=CARTESIAN_POINT('',(-25.,-150.,-180.));
#2684=CARTESIAN_POINT('',(70.,-150.,-180.));
#2685=CARTESIAN_POINT('',(-30.,-150.,-180.));
#2686=CARTESIAN_POINT('',(70.,-150.,-99.6949134723659));
#2687=CARTESIAN_POINT('',(70.,-150.,-175.000002607703));
#2688=CARTESIAN_POINT('',(60.,-150.,-99.6949134723659));
#2689=CARTESIAN_POINT('',(-3.75,-150.,-99.6949134723659));
#2690=CARTESIAN_POINT('',(60.,-150.,-175.000002607703));
#2691=CARTESIAN_POINT('',(60.,-150.,-175.000002607703));
#2692=CARTESIAN_POINT('',(-10.,-150.,-175.000002607703));
#2693=CARTESIAN_POINT('',(3.20177364618658,-150.,-81.5369624409192));
#2694=CARTESIAN_POINT('',(-10.,-150.,-81.5369624409192));
#2695=CARTESIAN_POINT('',(3.20177364618684,-150.,-68.2620274323033));
#2696=CARTESIAN_POINT('Origin',(-25.,-80.,-180.));
#2697=CARTESIAN_POINT('',(-25.,-80.,-180.));
#2698=CARTESIAN_POINT('',(-25.,-80.,-180.));
#2699=CARTESIAN_POINT('',(-25.,-97.5,-180.));
#2700=CARTESIAN_POINT('',(-25.,-97.5,-65.));
#2701=CARTESIAN_POINT('Origin',(70.,-115.000000596046,-177.500001303852));
#2702=CARTESIAN_POINT('',(70.,-139.506810921904,-89.2017243942698));
#2703=CARTESIAN_POINT('',(70.,-80.0000011920929,-180.));
#2704=CARTESIAN_POINT('',(70.,-150.,-180.));
#2705=CARTESIAN_POINT('',(70.,-80.0000011920929,-180.));
#2706=CARTESIAN_POINT('Origin',(60.,-80.,-175.000002607703));
#2707=CARTESIAN_POINT('',(60.,-113.552765810205,-129.715716714106));
#2708=CARTESIAN_POINT('',(60.,-80.,-175.000002607703));
#2709=CARTESIAN_POINT('',(60.,-80.,-175.000002607703));
#2710=CARTESIAN_POINT('',(60.,-80.0000005960464,-175.000002607703));
#2711=CARTESIAN_POINT('',(60.,-140.921024484277,-90.6159379566429));
#2712=CARTESIAN_POINT('',(60.,-150.868864619212,-100.563778091577));
#2713=CARTESIAN_POINT('',(60.,-104.594752200443,-126.942210240478));
#2714=CARTESIAN_POINT('Origin',(-10.,-80.0000011920929,-175.000002607703));
#2715=CARTESIAN_POINT('',(-10.,-80.0000011920929,-175.000002607703));
#2716=CARTESIAN_POINT('Origin',(-20.,-115.,-180.));
#2717=CARTESIAN_POINT('',(-10.,-80.,-180.));
#2718=CARTESIAN_POINT('Origin',(-10.,-80.,-180.));
#2719=CARTESIAN_POINT('',(-23.5,-80.,-122.7));
#2720=CARTESIAN_POINT('',(-8.74999999999999,-80.,-122.7));
#2721=CARTESIAN_POINT('',(-23.5,-80.,-126.938299064212));
#2722=CARTESIAN_POINT('Origin',(43.5,-139.506810921904,-89.2017243942698));
#2723=CARTESIAN_POINT('',(13.2017736461862,-140.921024484276,-90.6159379566431));
#2724=CARTESIAN_POINT('',(13.2017736461862,-140.21391770309,-89.9088311754563));
#2725=CARTESIAN_POINT('',(43.5,-140.921024484277,-90.6159379566429));
#2726=CARTESIAN_POINT('Origin',(20.,-124.304015126393,-107.232947314527));
#2727=CARTESIAN_POINT('',(7.99999999999998,-124.304015126393,-107.232947314527));
#2728=CARTESIAN_POINT('Origin',(20.,-124.304015126393,-107.232947314527));
#2729=CARTESIAN_POINT('',(7.99999999999998,-122.88980156402,-105.818733752154));
#2730=CARTESIAN_POINT('',(7.99999999999998,-124.304015126393,-107.232947314527));
#2731=CARTESIAN_POINT('Origin',(20.,-122.88980156402,-105.818733752154));
#2732=CARTESIAN_POINT('Origin',(41.5,-107.687005768509,-121.021529547665));
#2733=CARTESIAN_POINT('',(41.5,-107.687005768509,-121.021529547665));
#2734=CARTESIAN_POINT('',(41.5,-100.615937956644,-113.9504617358));
#2735=CARTESIAN_POINT('',(41.5,-138.09259735953,-90.6159379566429));
#2736=CARTESIAN_POINT('',(41.5,-115.288403666265,-113.420131649909));
#2737=CARTESIAN_POINT('',(41.5,-131.021529547665,-83.5448701447775));
#2738=CARTESIAN_POINT('Origin',(-1.5,-107.687005768509,-121.021529547665));
#2739=CARTESIAN_POINT('',(-1.5,-107.687005768509,-121.021529547665));
#2740=CARTESIAN_POINT('',(-1.5,-107.687005768509,-121.021529547665));
#2741=CARTESIAN_POINT('',(9.25,-107.687005768509,-121.021529547665));
#2742=CARTESIAN_POINT('Origin',(-1.5,-138.09259735953,-90.6159379566429));
#2743=CARTESIAN_POINT('',(-1.5,-138.09259735953,-90.6159379566429));
#2744=CARTESIAN_POINT('',(-1.5,-138.09259735953,-90.6159379566429));
#2745=CARTESIAN_POINT('',(-1.5,-130.491199461775,-98.2173358543985));
#2746=CARTESIAN_POINT('Origin',(41.5,-138.09259735953,-90.6159379566429));
#2747=CARTESIAN_POINT('',(30.75,-138.09259735953,-90.6159379566429));
#2748=CARTESIAN_POINT('Origin',(35.5,-133.849956672411,-94.8585786437623));
#2749=CARTESIAN_POINT('',(34.2705,-135.264170234784,-96.2727922061354));
#2750=CARTESIAN_POINT('Origin',(35.5,-135.264170234784,-96.2727922061353));
#2751=CARTESIAN_POINT('',(34.2705,-133.849956672411,-94.8585786437623));
#2752=CARTESIAN_POINT('',(34.2705,-133.849956672411,-94.8585786437623));
#2753=CARTESIAN_POINT('Origin',(35.5,-133.849956672411,-94.8585786437623));
#2754=CARTESIAN_POINT('Origin',(35.5,-111.929646455629,-116.778888860546));
#2755=CARTESIAN_POINT('',(34.2705,-113.343860018002,-118.193102422919));
#2756=CARTESIAN_POINT('Origin',(35.5,-113.343860018002,-118.193102422919));
#2757=CARTESIAN_POINT('',(34.2705,-111.929646455629,-116.778888860546));
#2758=CARTESIAN_POINT('',(34.2705,-111.929646455629,-116.778888860546));
#2759=CARTESIAN_POINT('Origin',(35.5,-111.929646455629,-116.778888860546));
#2760=CARTESIAN_POINT('Origin',(4.50000000000001,-133.849956672411,-94.8585786437623));
#2761=CARTESIAN_POINT('',(3.27050000000001,-135.264170234784,-96.2727922061354));
#2762=CARTESIAN_POINT('Origin',(4.50000000000001,-135.264170234784,-96.2727922061353));
#2763=CARTESIAN_POINT('',(3.27050000000001,-133.849956672411,-94.8585786437623));
#2764=CARTESIAN_POINT('',(3.27050000000001,-133.849956672411,-94.8585786437623));
#2765=CARTESIAN_POINT('Origin',(4.50000000000001,-133.849956672411,-94.8585786437623));
#2766=CARTESIAN_POINT('Origin',(4.50000000000001,-111.929646455629,-116.778888860546));
#2767=CARTESIAN_POINT('',(3.27050000000001,-113.343860018002,-118.193102422919));
#2768=CARTESIAN_POINT('Origin',(4.50000000000001,-113.343860018002,-118.193102422919));
#2769=CARTESIAN_POINT('',(3.27050000000001,-111.929646455629,-116.778888860546));
#2770=CARTESIAN_POINT('',(3.27050000000001,-111.929646455629,-116.778888860546));
#2771=CARTESIAN_POINT('Origin',(4.50000000000001,-111.929646455629,-116.778888860546));
#2772=CARTESIAN_POINT('Origin',(-3.5,-106.272792206136,-122.435743110038));
#2773=CARTESIAN_POINT('',(-10.,-107.687005768509,-123.849956672411));
#2774=CARTESIAN_POINT('Origin',(20.,-122.88980156402,-105.818733752154));
#2775=CARTESIAN_POINT('Origin',(20.,-124.304015126393,-107.232947314527));
#2776=CARTESIAN_POINT('',(13.2017736461866,-150.936148195804,-80.6008142451148));
#2777=CARTESIAN_POINT('',(13.2017736461862,-140.921024484276,-90.6159379566431));
#2778=CARTESIAN_POINT('',(19.5,-150.936148195804,-80.6008142451148));
#2779=CARTESIAN_POINT('',(13.2017736461866,-150.936148195804,-80.6008142451148));
#2780=CARTESIAN_POINT('',(19.5,-176.276363543603,-55.2605988973151));
#2781=CARTESIAN_POINT('',(19.5,-174.238078202061,-57.2988842388569));
#2782=CARTESIAN_POINT('',(3.20177364618762,-176.276363543603,-55.260598897315));
#2783=CARTESIAN_POINT('',(13.2017736461876,-176.276363543603,-55.260598897315));
#2784=CARTESIAN_POINT('',(3.20177364618623,-140.921024484276,-90.6159379566431));
#2785=CARTESIAN_POINT('Origin',(3.20177364618623,-121.82914139224,-71.5240548646065));
#2786=CARTESIAN_POINT('',(3.20177364618762,-176.276363543603,-55.260598897315));
#2787=CARTESIAN_POINT('',(3.20177364618642,-125.091168824542,-65.));
#2788=CARTESIAN_POINT('Origin',(8.20177364618761,-166.730421997585,-45.7146573512967));
#2789=CARTESIAN_POINT('',(19.5,-168.644556861358,-47.6287922150699));
#2790=CARTESIAN_POINT('Origin',(13.2017736461862,-140.921024484276,-90.6159379566431));
#2791=CARTESIAN_POINT('',(13.2017736461868,-142.228679882275,-63.9276591862384));
#2792=CARTESIAN_POINT('',(13.2017736461865,-137.074680405793,-75.2173723251986));
#2793=CARTESIAN_POINT('',(13.2017736461866,-145.05797347274,-75.8727171852589));
#2794=CARTESIAN_POINT('Origin',(13.2017736461869,-151.325559920905,-68.0805826821348));
#2795=CARTESIAN_POINT('',(13.2017736461866,-150.341275711361,-80.1223298554536));
#2796=CARTESIAN_POINT('Origin',(19.5,-180.231332780807,-91.3308782433601));
#2797=CARTESIAN_POINT('',(19.5,-189.671688202011,-94.6293156796844));
#2798=CARTESIAN_POINT('',(19.5,-173.963746332642,-99.1230127464843));
#2799=CARTESIAN_POINT('Origin',(19.5,-180.231332780807,-91.3308782433601));
#2800=CARTESIAN_POINT('',(24.5,-173.963746332642,-99.1230127464843));
#2801=CARTESIAN_POINT('',(19.5,-173.963746332642,-99.1230127464843));
#2802=CARTESIAN_POINT('',(24.5,-189.671688202011,-94.6293156796844));
#2803=CARTESIAN_POINT('Origin',(24.5,-180.231332780807,-91.3308782433601));
#2804=CARTESIAN_POINT('',(19.5,-189.671688202011,-94.6293156796844));
#2805=CARTESIAN_POINT('Origin',(19.5,-151.325559920905,-68.0805826821348));
#2806=CARTESIAN_POINT('',(24.5,-142.228679882275,-63.9276591862384));
#2807=CARTESIAN_POINT('',(19.5,-142.228679882275,-63.9276591862384));
#2808=CARTESIAN_POINT('',(24.5,-145.05797347274,-75.8727171852589));
#2809=CARTESIAN_POINT('Origin',(24.5,-151.325559920905,-68.0805826821348));
#2810=CARTESIAN_POINT('',(19.5,-145.05797347274,-75.8727171852589));
#2811=CARTESIAN_POINT('Origin',(19.5,-202.730565255226,-33.000000372529));
#2812=CARTESIAN_POINT('',(19.5,-202.730565255226,-25.000000372529));
#2813=CARTESIAN_POINT('',(19.5,-210.282849592189,-35.6387503215884));
#2814=CARTESIAN_POINT('Origin',(19.5,-202.730565255226,-33.000000372529));
#2815=CARTESIAN_POINT('',(24.5,-210.282849592189,-35.6387503215884));
#2816=CARTESIAN_POINT('',(19.5,-210.282849592189,-35.6387503215884));
#2817=CARTESIAN_POINT('',(24.5,-202.730565255226,-25.000000372529));
#2818=CARTESIAN_POINT('Origin',(24.5,-202.730565255226,-33.000000372529));
#2819=CARTESIAN_POINT('',(19.5,-202.730565255226,-25.000000372529));
#2820=CARTESIAN_POINT('Origin',(19.5,-210.282849592189,-35.6387503215884));
#2821=CARTESIAN_POINT('',(19.5,-189.671688202011,-94.6293156796844));
#2822=CARTESIAN_POINT('',(24.5,-189.671688202011,-94.6293156796844));
#2823=CARTESIAN_POINT('Origin',(19.5,-151.720003017485,-68.0000004917383));
#2824=CARTESIAN_POINT('',(24.5,-155.820003017485,-68.0000004917383));
#2825=CARTESIAN_POINT('Origin',(24.5,-151.720003017485,-68.0000004917383));
#2826=CARTESIAN_POINT('',(20.2017736461862,-155.820003017485,-68.0000004917383));
#2827=CARTESIAN_POINT('',(19.5,-155.820003017485,-68.0000004917383));
#2828=CARTESIAN_POINT('Origin',(20.2017736461862,-151.720003017485,-68.0000004917383));
#2829=CARTESIAN_POINT('Origin',(19.5,-178.520003017485,-90.5000004917383));
#2830=CARTESIAN_POINT('',(24.5,-182.620003017485,-90.5000004917383));
#2831=CARTESIAN_POINT('Origin',(24.5,-178.520003017485,-90.5000004917383));
#2832=CARTESIAN_POINT('',(19.5,-182.620003017485,-90.5000004917383));
#2833=CARTESIAN_POINT('',(19.5,-182.620003017485,-90.5000004917383));
#2834=CARTESIAN_POINT('Origin',(19.5,-178.520003017485,-90.5000004917383));
#2835=CARTESIAN_POINT('Origin',(19.5,-167.420003017485,-33.1000004917383));
#2836=CARTESIAN_POINT('',(24.5,-171.520003017485,-33.1000004917383));
#2837=CARTESIAN_POINT('Origin',(24.5,-167.420003017485,-33.1000004917383));
#2838=CARTESIAN_POINT('',(19.5,-171.520003017485,-33.1000004917383));
#2839=CARTESIAN_POINT('',(19.5,-171.520003017485,-33.1000004917383));
#2840=CARTESIAN_POINT('Origin',(19.5,-167.420003017485,-33.1000004917383));
#2841=CARTESIAN_POINT('Origin',(19.5,-202.420003017485,-33.1000004917383));
#2842=CARTESIAN_POINT('',(24.5,-206.520003017485,-33.1000004917383));
#2843=CARTESIAN_POINT('Origin',(24.5,-202.420003017485,-33.1000004917383));
#2844=CARTESIAN_POINT('',(19.5,-206.520003017485,-33.1000004917383));
#2845=CARTESIAN_POINT('',(19.5,-206.520003017485,-33.1000004917383));
#2846=CARTESIAN_POINT('Origin',(19.5,-202.420003017485,-33.1000004917383));
#2847=CARTESIAN_POINT('Origin',(19.5,-173.963746332642,-99.1230127464842));
#2848=CARTESIAN_POINT('',(24.5,-145.05797347274,-75.8727171852589));
#2849=CARTESIAN_POINT('',(19.5,-145.05797347274,-75.8727171852589));
#2850=CARTESIAN_POINT('Origin',(20.2017736461862,-140.921024484276,-90.6159379566432));
#2851=CARTESIAN_POINT('Origin',(-20.,-115.,-65.));
#2852=CARTESIAN_POINT('Origin',(-23.5,23.4999999999989,-124.7));
#2853=CARTESIAN_POINT('',(-23.5,-7.00000010430813,-122.7));
#2854=CARTESIAN_POINT('',(-23.5,-23.,-122.7));
#2855=CARTESIAN_POINT('',(-23.5,-7.00000010430813,-35.7));
#2856=CARTESIAN_POINT('',(-23.5,-7.00000010430813,-122.7));
#2857=CARTESIAN_POINT('',(-23.5,7.00000000000096,-35.7));
#2858=CARTESIAN_POINT('',(-23.5,7.00000000000096,-35.7));
#2859=CARTESIAN_POINT('',(-23.5,7.00000000000096,-122.7));
#2860=CARTESIAN_POINT('',(-23.5,7.00000000000096,-122.7));
#2861=CARTESIAN_POINT('',(-23.5,23.4999999999989,-122.7));
#2862=CARTESIAN_POINT('',(-23.5,-23.5000000000011,-122.7));
#2863=CARTESIAN_POINT('',(-23.5,23.4999999999985,-149.7));
#2864=CARTESIAN_POINT('',(-23.5,23.4999999999989,-124.7));
#2865=CARTESIAN_POINT('',(-23.5,-23.5000000000016,-149.7));
#2866=CARTESIAN_POINT('',(-23.5,11.7499999999984,-149.7));
#2867=CARTESIAN_POINT('',(-23.5,-23.5000000000011,-124.7));
#2868=CARTESIAN_POINT('Origin',(2.22044604925032E-14,-1.12354570092066E-12,
-122.7));
#2869=CARTESIAN_POINT('',(23.5,-23.5000000000011,-122.7));
#2870=CARTESIAN_POINT('',(23.5,-23.5000000000011,-122.7));
#2871=CARTESIAN_POINT('',(23.4999997466803,-7.00000010430813,-122.7));
#2872=CARTESIAN_POINT('',(23.5,23.4999999999989,-122.7));
#2873=CARTESIAN_POINT('',(17.,-7.00000010430813,-122.7));
#2874=CARTESIAN_POINT('',(8.50000000000003,-7.00000010430813,-122.7));
#2875=CARTESIAN_POINT('',(17.,7.00000000000096,-122.7));
#2876=CARTESIAN_POINT('',(17.,3.49999999999992,-122.7));
#2877=CARTESIAN_POINT('',(23.4999997466803,7.00000000000096,-122.7));
#2878=CARTESIAN_POINT('',(11.7499998733401,7.00000000000096,-122.7));
#2879=CARTESIAN_POINT('',(23.5,23.4999999999989,-122.7));
#2880=CARTESIAN_POINT('',(23.5,23.4999999999989,-122.7));
#2881=CARTESIAN_POINT('',(-23.5,23.4999999999989,-122.7));
#2882=CARTESIAN_POINT('',(-17.0000002533197,7.00000000000096,-122.7));
#2883=CARTESIAN_POINT('',(-8.50000012665986,7.00000000000096,-122.7));
#2884=CARTESIAN_POINT('',(-17.0000002533197,-7.00000010430813,-122.7));
#2885=CARTESIAN_POINT('',(-17.0000002533197,-3.50000005215463,-122.7));
#2886=CARTESIAN_POINT('',(-11.75,-7.00000010430813,-122.7));
#2887=CARTESIAN_POINT('',(-12.,-1.12354570092066E-12,-122.7));
#2888=CARTESIAN_POINT('Origin',(5.71924156285234E-29,-1.12354570092066E-12,
-122.7));
#2889=CARTESIAN_POINT('',(-16.7295,-15.5000000000011,-122.7));
#2890=CARTESIAN_POINT('Origin',(-15.5,-15.5000000000012,-122.7));
#2891=CARTESIAN_POINT('',(-16.7295,15.4999999999989,-122.7));
#2892=CARTESIAN_POINT('Origin',(-15.5,15.4999999999989,-122.7));
#2893=CARTESIAN_POINT('',(14.2705,-15.5000000000011,-122.7));
#2894=CARTESIAN_POINT('Origin',(15.5,-15.5000000000011,-122.7));
#2895=CARTESIAN_POINT('',(14.2705,15.4999999999989,-122.7));
#2896=CARTESIAN_POINT('Origin',(15.5,15.4999999999989,-122.7));
#2897=CARTESIAN_POINT('Origin',(0.,0.,-42.7));
#2898=CARTESIAN_POINT('',(11.1,1.35935794705356E-15,-35.7));
#2899=CARTESIAN_POINT('Origin',(0.,0.,-35.7));
#2900=CARTESIAN_POINT('',(11.1,1.35935794705356E-15,-42.7));
#2901=CARTESIAN_POINT('',(11.1,1.35935794705356E-15,-42.7));
#2902=CARTESIAN_POINT('Origin',(0.,0.,-42.7));
#2903=CARTESIAN_POINT('Origin',(0.,0.,-42.7));
#2904=CARTESIAN_POINT('',(-11.0729399230596,-7.00000010430813,-42.7));
#2905=CARTESIAN_POINT('',(11.0729399230596,-7.00000010430813,-42.7));
#2906=CARTESIAN_POINT('Origin',(0.,0.,-42.7));
#2907=CARTESIAN_POINT('',(11.0729399230596,-7.00000010430813,-35.7));
#2908=CARTESIAN_POINT('',(11.0729399230596,-7.00000010430813,-42.7));
#2909=CARTESIAN_POINT('',(-11.0729399230596,-7.00000010430813,-35.7));
#2910=CARTESIAN_POINT('Origin',(0.,0.,-35.7));
#2911=CARTESIAN_POINT('',(-11.0729399230596,-7.00000010430813,-42.7));
#2912=CARTESIAN_POINT('Origin',(0.,0.,-42.7));
#2913=CARTESIAN_POINT('',(11.0729399889996,7.00000000000096,-42.7));
#2914=CARTESIAN_POINT('',(-11.0729399889996,7.00000000000096,-42.7));
#2915=CARTESIAN_POINT('Origin',(0.,0.,-42.7));
#2916=CARTESIAN_POINT('',(-11.0729399889996,7.00000000000096,-35.7));
#2917=CARTESIAN_POINT('',(-11.0729399889996,7.00000000000096,-42.7));
#2918=CARTESIAN_POINT('',(11.0729399889996,7.00000000000096,-35.7));
#2919=CARTESIAN_POINT('Origin',(0.,0.,-35.7));
#2920=CARTESIAN_POINT('',(11.0729399889996,7.00000000000096,-42.7));
#2921=CARTESIAN_POINT('Origin',(1.75088659126743E-7,0.,-35.7));
#2922=CARTESIAN_POINT('',(23.5000003501773,7.00000000000096,-35.7));
#2923=CARTESIAN_POINT('',(23.5000003501773,7.00000000000096,-35.7));
#2924=CARTESIAN_POINT('',(23.5000003501773,7.00000000000096,-35.7));
#2925=CARTESIAN_POINT('',(-23.5,-7.00000010430813,-35.7));
#2926=CARTESIAN_POINT('',(23.5000003501773,-7.00000010430813,-35.7));
#2927=CARTESIAN_POINT('',(-23.5,-7.00000010430813,-35.7));
#2928=CARTESIAN_POINT('',(23.5000003501773,-7.00000010430813,-35.7));
#2929=CARTESIAN_POINT('Origin',(1.75088659126743E-7,0.,-42.7));
#2930=CARTESIAN_POINT('',(17.,7.00000000000097,-42.7));
#2931=CARTESIAN_POINT('',(17.,-7.00000010430813,-42.7));
#2932=CARTESIAN_POINT('',(17.,-7.00000010430813,-42.7));
#2933=CARTESIAN_POINT('',(-23.5,-7.00000010430813,-42.7));
#2934=CARTESIAN_POINT('',(-17.0000002533197,-7.00000010430813,-42.7));
#2935=CARTESIAN_POINT('',(-23.5,-7.00000010430813,-42.7));
#2936=CARTESIAN_POINT('',(-17.0000002533197,7.00000000000096,-42.7));
#2937=CARTESIAN_POINT('',(-17.0000002533197,9.63673585374636E-13,-42.7));
#2938=CARTESIAN_POINT('',(23.5000003501773,7.00000000000096,-42.7));
#2939=CARTESIAN_POINT('',(23.5000003501773,7.00000000000096,-42.7));
#2940=CARTESIAN_POINT('Origin',(-17.0000002533197,-7.00000010430813,-122.7));
#2941=CARTESIAN_POINT('',(-17.0000002533197,7.00000000000096,-122.7));
#2942=CARTESIAN_POINT('',(-17.0000002533197,-7.00000010430813,-122.7));
#2943=CARTESIAN_POINT('Origin',(-23.5,-7.00000010430813,-122.7));
#2944=CARTESIAN_POINT('Origin',(-17.0000002533197,7.00000000000096,-122.7));
#2945=CARTESIAN_POINT('Origin',(23.4999997466803,7.00000000000096,-122.7));
#2946=CARTESIAN_POINT('',(17.,7.00000000000096,-122.7));
#2947=CARTESIAN_POINT('',(23.4999997466803,7.00000000000096,-122.7));
#2948=CARTESIAN_POINT('Origin',(17.,-7.00000010430813,-122.7));
#2949=CARTESIAN_POINT('',(23.4999997466803,-7.00000010430813,-122.7));
#2950=CARTESIAN_POINT('',(17.,-7.00000010430813,-122.7));
#2951=CARTESIAN_POINT('Origin',(17.,7.00000000000097,-122.7));
#2952=CARTESIAN_POINT('Origin',(5.71924156285234E-29,-1.12354570092066E-12,
-122.7));
#2953=CARTESIAN_POINT('',(-12.,-1.14130926931466E-12,-124.7));
#2954=CARTESIAN_POINT('',(-12.,-1.12353659489103E-12,-122.7));
#2955=CARTESIAN_POINT('Origin',(5.71924156285234E-29,-1.12354570092066E-12,
-124.7));
#2956=CARTESIAN_POINT('Origin',(8.88178419700131E-15,-1.56763491077072E-12,
-149.7));
#2957=CARTESIAN_POINT('',(23.5,-23.5000000000016,-149.7));
#2958=CARTESIAN_POINT('',(-11.75,-23.5000000000016,-149.7));
#2959=CARTESIAN_POINT('',(11.75,23.4999999999984,-149.700000000001));
#2960=CARTESIAN_POINT('',(23.5,23.4999999999985,-149.7));
#2961=CARTESIAN_POINT('',(11.75,23.4999999999984,-149.700000000001));
#2962=CARTESIAN_POINT('',(23.5,-11.7500000000016,-149.7));
#2963=CARTESIAN_POINT('',(-21.5,-21.5000000000016,-149.7));
#2964=CARTESIAN_POINT('',(21.5,-21.5000000000016,-149.7));
#2965=CARTESIAN_POINT('',(-10.75,-21.5000000000016,-149.7));
#2966=CARTESIAN_POINT('',(21.5,21.4999999999984,-149.7));
#2967=CARTESIAN_POINT('',(21.5,-10.7500000000016,-149.7));
#2968=CARTESIAN_POINT('',(-21.5,21.4999999999984,-149.7));
#2969=CARTESIAN_POINT('',(10.75,21.4999999999984,-149.7));
#2970=CARTESIAN_POINT('',(-21.5,10.7499999999985,-149.7));
#2971=CARTESIAN_POINT('Origin',(21.5,-21.5000000000011,-124.7));
#2972=CARTESIAN_POINT('',(21.5,-21.5000000000011,-124.7));
#2973=CARTESIAN_POINT('',(21.5,-21.5000000000013,-134.7));
#2974=CARTESIAN_POINT('',(21.5,21.4999999999989,-124.7));
#2975=CARTESIAN_POINT('',(21.5,-10.7500000000012,-124.7));
#2976=CARTESIAN_POINT('',(21.5,21.4999999999987,-134.7));
#2977=CARTESIAN_POINT('Origin',(-21.5,-21.5000000000011,-124.7));
#2978=CARTESIAN_POINT('',(-21.5,-21.5000000000011,-124.7));
#2979=CARTESIAN_POINT('',(-21.5,-21.5000000000011,-124.7));
#2980=CARTESIAN_POINT('',(-10.75,-21.5000000000012,-124.7));
#2981=CARTESIAN_POINT('Origin',(23.5,-23.5000000000012,-124.7));
#2982=CARTESIAN_POINT('',(23.5,23.4999999999989,-124.7));
#2983=CARTESIAN_POINT('',(23.5,-23.5000000000011,-124.7));
#2984=CARTESIAN_POINT('Origin',(23.5,23.4999999999989,-124.7));
#2985=CARTESIAN_POINT('Origin',(-21.5,21.4999999999988,-124.7));
#2986=CARTESIAN_POINT('',(-21.5,21.4999999999988,-124.7));
#2987=CARTESIAN_POINT('',(-21.5,21.4999999999988,-124.7));
#2988=CARTESIAN_POINT('',(-21.5,10.7499999999989,-124.7));
#2989=CARTESIAN_POINT('Origin',(21.5,21.4999999999989,-124.7));
#2990=CARTESIAN_POINT('',(10.75,21.4999999999989,-124.7));
#2991=CARTESIAN_POINT('Origin',(15.5,15.4999999999989,-124.7));
#2992=CARTESIAN_POINT('',(14.2705,15.4999999999989,-124.7));
#2993=CARTESIAN_POINT('',(14.2705,15.4999999999989,-124.7));
#2994=CARTESIAN_POINT('Origin',(15.5,15.4999999999989,-124.7));
#2995=CARTESIAN_POINT('Origin',(15.5,-15.5000000000012,-124.7));
#2996=CARTESIAN_POINT('',(14.2705,-15.5000000000012,-124.7));
#2997=CARTESIAN_POINT('',(14.2705,-15.5000000000012,-124.7));
#2998=CARTESIAN_POINT('Origin',(15.5,-15.5000000000012,-124.7));
#2999=CARTESIAN_POINT('Origin',(-15.5,15.4999999999989,-124.7));
#3000=CARTESIAN_POINT('',(-16.7295,15.4999999999989,-124.7));
#3001=CARTESIAN_POINT('',(-16.7295,15.4999999999989,-124.7));
#3002=CARTESIAN_POINT('Origin',(-15.5,15.4999999999989,-124.7));
#3003=CARTESIAN_POINT('Origin',(-15.5,-15.5000000000012,-124.7));
#3004=CARTESIAN_POINT('',(-16.7295,-15.5000000000012,-124.7));
#3005=CARTESIAN_POINT('',(-16.7295,-15.5000000000012,-124.7));
#3006=CARTESIAN_POINT('Origin',(-15.5,-15.5000000000012,-124.7));
#3007=CARTESIAN_POINT('Origin',(-23.5,-23.5000000000011,-124.7));
#3008=CARTESIAN_POINT('Origin',(3.10862446895044E-14,-1.12354570092066E-12,
-124.7));
#3009=CARTESIAN_POINT('Origin',(24.5,-176.028062588066,-63.1654393079446));
#3010=CARTESIAN_POINT('',(24.5,-157.8645483566,-29.6776615758119));
#3011=CARTESIAN_POINT('',(24.5,-157.8645483566,-29.6776615758119));
#3012=CARTESIAN_POINT('',(24.5,-165.142052387504,-25.000000372529));
#3013=CARTESIAN_POINT('Origin',(24.5,-165.142052387504,-33.0000003725289));
#3014=CARTESIAN_POINT('',(24.5,-202.730565255226,-25.000000372529));
#3015=CARTESIAN_POINT('Origin',(19.5,-142.228679882275,-63.9276591862384));
#3016=CARTESIAN_POINT('',(19.5,-157.8645483566,-29.6776615758119));
#3017=CARTESIAN_POINT('',(19.5,-157.8645483566,-29.6776615758119));
#3018=CARTESIAN_POINT('',(19.5,-157.8645483566,-29.6776615758119));
#3019=CARTESIAN_POINT('Origin',(19.5,-176.028062588066,-63.1654393079446));
#3020=CARTESIAN_POINT('',(19.5,-165.142052387504,-25.000000372529));
#3021=CARTESIAN_POINT('',(19.5,-202.730565255226,-25.000000372529));
#3022=CARTESIAN_POINT('Origin',(19.5,-165.142052387504,-33.0000003725289));
#3023=CARTESIAN_POINT('Origin',(19.5,-165.142052387504,-25.000000372529));
#3024=CARTESIAN_POINT('',(19.5,-165.142052387504,-25.000000372529));
#3025=CARTESIAN_POINT('Origin',(19.5,-165.142052387504,-33.0000003725289));
#3026=UNCERTAINTY_MEASURE_WITH_UNIT(LENGTH_MEASURE(0.01),#3030,
'DISTANCE_ACCURACY_VALUE',
'Maximum model space distance between geometric entities at asserted c
onnectivities');
#3027=UNCERTAINTY_MEASURE_WITH_UNIT(LENGTH_MEASURE(0.01),#3030,
'DISTANCE_ACCURACY_VALUE',
'Maximum model space distance between geometric entities at asserted c
onnectivities');
#3028=(
GEOMETRIC_REPRESENTATION_CONTEXT(3)
GLOBAL_UNCERTAINTY_ASSIGNED_CONTEXT((#3026))
GLOBAL_UNIT_ASSIGNED_CONTEXT((#3030,#3032,#3033))
REPRESENTATION_CONTEXT('','3D')
);
#3029=(
GEOMETRIC_REPRESENTATION_CONTEXT(3)
GLOBAL_UNCERTAINTY_ASSIGNED_CONTEXT((#3027))
GLOBAL_UNIT_ASSIGNED_CONTEXT((#3030,#3032,#3033))
REPRESENTATION_CONTEXT('','3D')
);
#3030=(
LENGTH_UNIT()
NAMED_UNIT(*)
SI_UNIT(.MILLI.,.METRE.)
);
#3031=(
LENGTH_UNIT()
NAMED_UNIT(*)
SI_UNIT($,.METRE.)
);
#3032=(
NAMED_UNIT(*)
PLANE_ANGLE_UNIT()
SI_UNIT($,.RADIAN.)
);
#3033=(
NAMED_UNIT(*)
SI_UNIT($,.STERADIAN.)
SOLID_ANGLE_UNIT()
);
#3034=SHAPE_DEFINITION_REPRESENTATION(#3035,#3036);
#3035=PRODUCT_DEFINITION_SHAPE('',$,#3038);
#3036=SHAPE_REPRESENTATION('',(#1878),#3028);
#3037=PRODUCT_DEFINITION_CONTEXT('part definition',#3042,'design');
#3038=PRODUCT_DEFINITION('2026-05-17-19-26-07-223','BaseStructure',#3039,
#3037);
#3039=PRODUCT_DEFINITION_FORMATION('',$,#3044);
#3040=PRODUCT_RELATED_PRODUCT_CATEGORY('BaseStructure','BaseStructure',
(#3044));
#3041=APPLICATION_PROTOCOL_DEFINITION('international standard',
'automotive_design',2009,#3042);
#3042=APPLICATION_CONTEXT(
'Core Data for Automotive Mechanical Design Process');
#3043=PRODUCT_CONTEXT('part definition',#3042,'mechanical');
#3044=PRODUCT('2026-05-17-19-26-07-223','BaseStructure',$,(#3043));
#3045=PRESENTATION_STYLE_ASSIGNMENT((#3046));
#3046=SURFACE_STYLE_USAGE(.BOTH.,#3047);
#3047=SURFACE_SIDE_STYLE('',(#3048));
#3048=SURFACE_STYLE_FILL_AREA(#3049);
#3049=FILL_AREA_STYLE('Steel - Satin',(#3050));
#3050=FILL_AREA_STYLE_COLOUR('Steel - Satin',#3051);
#3051=COLOUR_RGB('Steel - Satin',0.627450980392157,0.627450980392157,0.627450980392157);
ENDSEC;
END-ISO-10303-21;
